,date,Country,cases_total,cases_recovered,cases_fatal,cases_active,day,Population,GDP_per_Capita,health_exp_percgdp,Hosp_beds,PP,Haz,CF,OF
82282,3/7/2020,US,403,7,17,379,1,331000000,65297.5,16.89,2.9,1.145015106,NA,0.042183623,0.708333333
82283,3/8/2020,US,519,7,21,491,2,331000000,65297.5,16.89,2.9,1.483383686,3.50453E-13,0.040462428,0.75
82284,3/9/2020,US,594,7,22,565,3,331000000,65297.5,16.89,2.9,1.70694864,2.26586E-13,0.037037037,0.75862069
82285,3/10/2020,US,782,8,28,746,4,331000000,65297.5,16.89,2.9,2.253776435,5.67976E-13,0.035805627,0.777777778
82286,3/11/2020,US,1147,8,33,1106,5,331000000,65297.5,16.89,2.9,3.341389728,1.10272E-12,0.028770706,0.804878049
82287,3/12/2020,US,1586,12,43,1531,6,331000000,65297.5,16.89,2.9,4.625377644,1.32628E-12,0.027112232,0.781818182
82288,3/13/2020,US,2219,12,51,2156,7,331000000,65297.5,16.89,2.9,6.513595166,1.91239E-12,0.022983326,0.80952381
82289,3/14/2020,US,2978,12,58,2908,8,331000000,65297.5,16.89,2.9,8.785498489,2.29305E-12,0.019476158,0.828571429
82290,3/15/2020,US,3212,12,70,3130,9,331000000,65297.5,16.89,2.9,9.456193353,7.06949E-13,0.021793275,0.853658537
82291,3/16/2020,US,4679,17,97,4565,10,331000000,65297.5,16.89,2.9,13.79154079,4.43202E-12,0.020730925,0.850877193
82292,3/17/2020,US,6512,17,134,6361,11,331000000,65297.5,16.89,2.9,19.21752266,5.53776E-12,0.020577396,0.887417219
82293,3/18/2020,US,9169,105,194,8870,12,331000000,65297.5,16.89,2.9,26.79758308,8.02719E-12,0.021158251,0.648829431
82294,3/19/2020,US,13663,121,266,13276,13,331000000,65297.5,16.89,2.9,40.10876133,1.3577E-11,0.019468638,0.687338501
82295,3/20/2020,US,20030,147,372,19511,14,331000000,65297.5,16.89,2.9,58.94561934,1.92356E-11,0.018572142,0.716763006
82296,3/21/2020,US,26025,176,475,25374,15,331000000,65297.5,16.89,2.9,76.65861027,1.81118E-11,0.018251681,0.729646697
82297,3/22/2020,US,34898,178,596,34124,16,331000000,65297.5,16.89,2.9,103.0936556,2.68066E-11,0.017078343,0.77002584
82298,3/23/2020,US,46136,178,788,45170,17,331000000,65297.5,16.89,2.9,136.4652568,3.39517E-11,0.017079938,0.81573499
82299,3/24/2020,US,56755,348,1031,55376,18,331000000,65297.5,16.89,2.9,167.2990937,3.20816E-11,0.0181658,0.74764322
82300,3/25/2020,US,68837,361,1364,67112,19,331000000,65297.5,16.89,2.9,202.755287,3.65015E-11,0.019814925,0.790724638
82301,3/26/2020,US,86693,681,1783,84229,20,331000000,65297.5,16.89,2.9,254.4682779,5.39456E-11,0.020566828,0.72362013
82302,3/27/2020,US,105383,869,2305,102209,21,331000000,65297.5,16.89,2.9,308.7885196,5.64653E-11,0.021872598,0.72621298
82303,3/28/2020,US,125013,1072,2947,120994,22,331000000,65297.5,16.89,2.9,365.5407855,5.93051E-11,0.023573548,0.733266982
82304,3/29/2020,US,143912,2665,3571,137676,23,331000000,65297.5,16.89,2.9,415.939577,5.70967E-11,0.024813775,0.57264272
82305,3/30/2020,US,165987,5644,4284,156059,24,331000000,65297.5,16.89,2.9,471.4773414,6.66918E-11,0.02580925,0.431506849
82306,3/31/2020,US,192301,7024,5369,179908,25,331000000,65297.5,16.89,2.9,543.5287009,7.94985E-11,0.027919772,0.433228435
82307,4/1/2020,US,224560,8474,6652,209434,26,331000000,65297.5,16.89,2.9,632.7311178,9.74592E-11,0.029622373,0.439772577
82308,4/2/2020,US,256792,9001,8164,239627,27,331000000,65297.5,16.89,2.9,723.9486405,9.73776E-11,0.031792268,0.475618992
82309,4/3/2020,US,289087,9707,9595,269785,28,331000000,65297.5,16.89,2.9,815.060423,9.7568E-11,0.0331907,0.497098746
82310,4/4/2020,US,321477,14652,11158,295667,29,331000000,65297.5,16.89,2.9,893.2537764,9.7855E-11,0.034708548,0.432313057
82311,4/5/2020,US,351354,17448,12773,321133,30,331000000,65297.5,16.89,2.9,970.1903323,9.02628E-11,0.036353649,0.422653122
82312,4/6/2020,US,382747,19581,14544,348622,31,331000000,65297.5,16.89,2.9,1053.238671,9.48429E-11,0.037998992,0.426197802
82313,4/7/2020,US,413516,21763,17119,374634,32,331000000,65297.5,16.89,2.9,1131.824773,9.29577E-11,0.04139864,0.44028085
82314,4/8/2020,US,444731,23559,19279,401893,33,331000000,65297.5,16.89,2.9,1214.178248,9.43051E-11,0.0433498,0.450044353
82315,4/9/2020,US,480667,25410,21482,433775,34,331000000,65297.5,16.89,2.9,1310.498489,1.08568E-10,0.044692063,0.458116523
82316,4/10/2020,US,515081,28790,23676,462615,35,331000000,65297.5,16.89,2.9,1397.628399,1.0397E-10,0.045965586,0.451263676
82317,4/11/2020,US,544183,31270,25803,487110,36,331000000,65297.5,16.89,2.9,1471.63142,8.79215E-11,0.047416035,0.452105199
82318,4/12/2020,US,571440,32988,27677,510775,37,331000000,65297.5,16.89,2.9,1543.126888,8.23474E-11,0.048433781,0.456226819
82319,4/13/2020,US,598380,43482,29686,525212,38,331000000,65297.5,16.89,2.9,1586.743202,8.13897E-11,0.049610615,0.405723814
82320,4/14/2020,US,627205,47763,32120,547322,39,331000000,65297.5,16.89,2.9,1653.540785,8.70846E-11,0.051211326,0.402088054
82321,4/15/2020,US,652611,52096,34732,565783,40,331000000,65297.5,16.89,2.9,1709.314199,7.67553E-11,0.053220065,0.400009214
82322,4/16/2020,US,682626,54703,36875,591048,41,331000000,65297.5,16.89,2.9,1785.643505,9.06798E-11,0.054019331,0.402662211
82323,4/17/2020,US,715656,58545,38985,618126,42,331000000,65297.5,16.89,2.9,1867.450151,9.97885E-11,0.054474496,0.399723162
82324,4/18/2020,US,743588,64840,40958,637790,43,331000000,65297.5,16.89,2.9,1926.858006,8.43867E-11,0.055081577,0.387133972
82325,4/19/2020,US,769684,70337,42929,656418,44,331000000,65297.5,16.89,2.9,1983.135952,7.88399E-11,0.055774837,0.379010471
82326,4/20/2020,US,799512,72329,45158,682025,45,331000000,65297.5,16.89,2.9,2060.498489,9.01148E-11,0.056481954,0.38436593
82327,4/21/2020,US,825429,75204,47672,702553,46,331000000,65297.5,16.89,2.9,2122.516616,7.82991E-11,0.05775421,0.387968358
82328,4/22/2020,US,854288,77366,50132,726790,47,331000000,65297.5,16.89,2.9,2195.740181,8.71873E-11,0.058682786,0.393198325
82329,4/23/2020,US,887858,80203,52588,755067,48,331000000,65297.5,16.89,2.9,2281.169184,1.0142E-10,0.059230192,0.396020815
82330,4/24/2020,US,920185,99079,54776,766330,49,331000000,65297.5,16.89,2.9,2315.196375,9.76647E-11,0.05952716,0.356023529
82331,4/25/2020,US,950581,100372,56487,793722,50,331000000,65297.5,16.89,2.9,2397.951662,9.18308E-11,0.059423658,0.360113223
82332,4/26/2020,US,977082,106988,57886,812208,51,331000000,65297.5,16.89,2.9,2453.800604,8.00634E-11,0.059243748,0.351092349
82333,4/27/2020,US,1000785,111424,59394,829967,52,331000000,65297.5,16.89,2.9,2507.453172,7.16103E-11,0.059347412,0.347703404
82334,4/28/2020,US,1025362,115936,61618,847808,53,331000000,65297.5,16.89,2.9,2561.353474,7.42508E-11,0.060093899,0.347038084
82335,4/29/2020,US,1051800,120720,64036,867044,54,331000000,65297.5,16.89,2.9,2619.468278,7.98731E-11,0.060882297,0.346597675
82336,4/30/2020,US,1081020,153947,66231,860842,55,331000000,65297.5,16.89,2.9,2600.731118,8.82779E-11,0.061267137,0.30080662
82337,5/1/2020,US,1115946,164015,68140,883791,56,331000000,65297.5,16.89,2.9,2670.063444,1.05517E-10,0.061060302,0.293510801
82338,5/2/2020,US,1143296,175382,69871,898043,57,331000000,65297.5,16.89,2.9,2713.120846,8.26284E-11,0.061113657,0.284893559
82339,5/3/2020,US,1167593,180152,71061,916380,58,331000000,65297.5,16.89,2.9,2768.519637,7.34048E-11,0.060861105,0.282871507
82340,5/4/2020,US,1191678,187180,72440,932058,59,331000000,65297.5,16.89,2.9,2815.885196,7.27644E-11,0.060788233,0.279023188
82341,5/5/2020,US,1216209,189791,74682,951736,60,331000000,65297.5,16.89,2.9,2875.335347,7.41118E-11,0.061405564,0.282380432
82342,5/6/2020,US,1240769,189910,76996,973863,61,331000000,65297.5,16.89,2.9,2942.18429,7.41994E-11,0.062055064,0.288476093
82343,5/7/2020,US,1268180,195036,78925,994219,62,331000000,65297.5,16.89,2.9,3003.682779,8.28127E-11,0.062234856,0.288088451
82344,5/8/2020,US,1295019,198993,80688,1015338,63,331000000,65297.5,16.89,2.9,3067.486405,8.10846E-11,0.062306422,0.288500113
82345,5/9/2020,US,1320155,212534,82156,1025465,64,331000000,65297.5,16.89,2.9,3098.081571,7.59396E-11,0.062232086,0.278787879
82346,5/10/2020,US,1339022,216169,83134,1039719,65,331000000,65297.5,16.89,2.9,3141.145015,5.7E-11,0.062085612,0.277758659
82347,5/11/2020,US,1358293,232733,84176,1041384,66,331000000,65297.5,16.89,2.9,3146.175227,5.82205E-11,0.061971901,0.265615681
82348,5/12/2020,US,1381241,230287,85774,1065180,67,331000000,65297.5,16.89,2.9,3218.066465,6.93293E-11,0.062099228,0.271384321
82349,5/13/2020,US,1401649,243430,87501,1070718,68,331000000,65297.5,16.89,2.9,3234.797583,6.16556E-11,0.062427184,0.264408593
82350,5/14/2020,US,1428467,246414,89297,1092756,69,331000000,65297.5,16.89,2.9,3301.377644,8.10211E-11,0.06251247,0.265993667
82351,5/15/2020,US,1453214,250747,90965,1111502,70,331000000,65297.5,16.89,2.9,3358.012085,7.47644E-11,0.062595736,0.266203704
82352,5/16/2020,US,1477373,268376,92163,1116834,71,331000000,65297.5,16.89,2.9,3374.120846,7.29879E-11,0.062383027,0.255625605
82353,5/17/2020,US,1495736,272265,92984,1130487,72,331000000,65297.5,16.89,2.9,3415.36858,5.54773E-11,0.062166051,0.254577015
82354,5/18/2020,US,1518126,283178,94211,1140737,73,331000000,65297.5,16.89,2.9,3446.335347,6.76435E-11,0.062057431,0.249638967
82355,5/19/2020,US,1539133,289392,95667,1154074,74,331000000,65297.5,16.89,2.9,3486.628399,6.34653E-11,0.062156422,0.24844764
82356,5/20/2020,US,1561830,294312,97168,1170350,75,331000000,65297.5,16.89,2.9,3535.800604,6.8571E-11,0.062214197,0.248206805
82357,5/21/2020,US,1587596,298418,98353,1190825,76,331000000,65297.5,16.89,2.9,3597.65861,7.78429E-11,0.061950899,0.24788354
82358,5/22/2020,US,1611253,350135,99570,1161548,77,331000000,65297.5,16.89,2.9,3509.208459,7.14713E-11,0.061796627,0.221411814
82359,5/23/2020,US,1632364,361239,100659,1170466,78,331000000,65297.5,16.89,2.9,3536.151057,6.37795E-11,0.061664555,0.217924737
82360,5/24/2020,US,1652431,366736,101298,1184397,79,331000000,65297.5,16.89,2.9,3578.238671,6.06254E-11,0.061302408,0.216432994
82361,5/25/2020,US,1671104,379157,101890,1190057,80,331000000,65297.5,16.89,2.9,3595.338369,5.64139E-11,0.060971669,0.211808825
82362,5/26/2020,US,1690754,384902,102567,1203285,81,331000000,65297.5,16.89,2.9,3635.302115,5.93656E-11,0.060663467,0.210407226
82363,5/27/2020,US,1709303,391508,104029,1213766,82,331000000,65297.5,16.89,2.9,3666.966767,5.60393E-11,0.060860479,0.209931852
82364,5/28/2020,US,1731625,399991,105130,1226504,83,331000000,65297.5,16.89,2.9,3705.450151,6.74381E-11,0.060711759,0.208128349
82365,5/29/2020,US,1756098,406446,106263,1243389,84,331000000,65297.5,16.89,2.9,3756.462236,7.39366E-11,0.06051086,0.207257918
82366,5/30/2020,US,1779731,416461,107217,1256053,85,331000000,65297.5,16.89,2.9,3794.722054,7.13988E-11,0.060243374,0.204738408
82367,5/31/2020,US,1798718,444758,107832,1246128,86,331000000,65297.5,16.89,2.9,3764.73716,5.73625E-11,0.059949364,0.195139253
82368,6/1/2020,US,1816154,458231,108608,1249315,87,331000000,65297.5,16.89,2.9,3774.365559,5.26767E-11,0.059801096,0.191602907
82369,6/2/2020,US,1837656,463868,109589,1264199,88,331000000,65297.5,16.89,2.9,3819.332326,6.49607E-11,0.059635209,0.191102384
82370,6/3/2020,US,1857511,479258,110599,1267654,89,331000000,65297.5,16.89,2.9,3829.770393,5.99849E-11,0.059541505,0.187501377
82371,6/4/2020,US,1879150,485002,111612,1282536,90,331000000,65297.5,16.89,2.9,3874.731118,6.53746E-11,0.059394939,0.187075731
82372,6/5/2020,US,1904550,491706,112503,1300341,91,331000000,65297.5,16.89,2.9,3928.522659,7.67372E-11,0.059070647,0.186198815
82373,6/6/2020,US,1925710,500849,113145,1311716,92,331000000,65297.5,16.89,2.9,3962.888218,6.39275E-11,0.058754953,0.184277045
82374,6/7/2020,US,1943626,506367,113604,1323655,93,331000000,65297.5,16.89,2.9,3998.957704,5.41269E-11,0.058449517,0.183240829
82375,6/8/2020,US,1961263,518522,114111,1328630,94,331000000,65297.5,16.89,2.9,4013.987915,5.3284E-11,0.058182406,0.18037472
82376,6/9/2020,US,1979647,524855,115024,1339768,95,331000000,65297.5,16.89,2.9,4047.637462,5.55408E-11,0.058103288,0.179758986
82377,6/10/2020,US,2000757,533504,115900,1351353,96,331000000,65297.5,16.89,2.9,4082.637462,6.37764E-11,0.057928074,0.178471337
82378,6/11/2020,US,2023890,540292,116730,1366868,97,331000000,65297.5,16.89,2.9,4129.510574,6.98882E-11,0.057676059,0.177665284
82379,6/12/2020,US,2048756,547386,117559,1383811,98,331000000,65297.5,16.89,2.9,4180.697885,7.51239E-11,0.057380674,0.176795073
82380,6/13/2020,US,2073964,556606,118294,1399064,99,331000000,65297.5,16.89,2.9,4226.779456,7.61571E-11,0.057037634,0.175276337
82381,6/14/2020,US,2092912,561816,118639,1412457,100,331000000,65297.5,16.89,2.9,4267.241692,5.72447E-11,0.056686091,0.174352455
65659,3/16/2020,Russia,90,8,0,82,1,145934000,11585,5.32,7.1,0.561897844,-1.43409E-08,0,0
65660,3/17/2020,Russia,114,8,0,106,2,145934000,11585,5.32,7.1,0.72635575,1.64458E-13,0,0
65661,3/18/2020,Russia,147,8,0,139,3,145934000,11585,5.32,7.1,0.95248537,2.2613E-13,0,0
65662,3/19/2020,Russia,199,9,1,189,4,145934000,11585,5.32,7.1,1.295106007,3.56325E-13,0.005025126,0.1
65663,3/20/2020,Russia,253,9,1,243,5,145934000,11585,5.32,7.1,1.665136294,3.7003E-13,0.003952569,0.1
65664,3/21/2020,Russia,306,12,1,293,6,145934000,11585,5.32,7.1,2.007756931,3.63178E-13,0.003267974,0.076923077
65665,3/22/2020,Russia,367,16,1,350,7,145934000,11585,5.32,7.1,2.398344457,4.17997E-13,0.002724796,0.058823529
65666,3/23/2020,Russia,438,16,1,421,8,145934000,11585,5.32,7.1,2.884865761,4.86521E-13,0.002283105,0.058823529
65667,3/24/2020,Russia,495,22,1,472,9,145934000,11585,5.32,7.1,3.234338811,3.90588E-13,0.002020202,0.043478261
65668,3/25/2020,Russia,658,29,3,626,10,145934000,11585,5.32,7.1,4.289610372,1.11694E-12,0.004559271,0.09375
65669,3/26/2020,Russia,840,38,3,799,11,145934000,11585,5.32,7.1,5.475077775,1.24714E-12,0.003571429,0.073170732
65670,3/27/2020,Russia,1036,45,4,987,12,145934000,11585,5.32,7.1,6.763331369,1.34307E-12,0.003861004,0.081632653
65671,3/28/2020,Russia,1264,49,4,1211,13,145934000,11585,5.32,7.1,8.298271822,1.56235E-12,0.003164557,0.075471698
65672,3/29/2020,Russia,1534,64,8,1462,14,145934000,11585,5.32,7.1,10.01822742,1.85015E-12,0.005215124,0.111111111
65673,3/30/2020,Russia,1836,66,9,1761,15,145934000,11585,5.32,7.1,12.06709883,2.06943E-12,0.004901961,0.12
65674,3/31/2020,Russia,2337,121,17,2199,16,145934000,11585,5.32,7.1,15.0684556,3.43306E-12,0.007274283,0.123188406
65675,4/1/2020,Russia,2777,190,24,2563,17,145934000,11585,5.32,7.1,17.56273384,3.01506E-12,0.00864242,0.112149533
65676,4/2/2020,Russia,3548,235,30,3283,18,145934000,11585,5.32,7.1,22.49647101,5.28321E-12,0.008455468,0.113207547
65677,4/3/2020,Russia,4149,281,34,3834,19,145934000,11585,5.32,7.1,26.27215042,4.1183E-12,0.008194746,0.107936508
65678,4/4/2020,Russia,4731,333,43,4355,20,145934000,11585,5.32,7.1,29.84225746,3.9881E-12,0.009088988,0.114361702
65679,4/5/2020,Russia,5389,355,45,4989,21,145934000,11585,5.32,7.1,34.18668713,4.50889E-12,0.008350343,0.1125
65680,4/6/2020,Russia,6343,406,47,5890,22,145934000,11585,5.32,7.1,40.36071101,6.5372E-12,0.007409743,0.103752759
65681,4/7/2020,Russia,7497,494,58,6945,23,145934000,11585,5.32,7.1,47.59000644,7.90768E-12,0.007736428,0.105072464
65682,4/8/2020,Russia,8672,580,63,8029,24,145934000,11585,5.32,7.1,55.01802185,8.05158E-12,0.00726476,0.097978227
65683,4/9/2020,Russia,10131,698,76,9357,25,145934000,11585,5.32,7.1,64.11802596,9.99767E-12,0.007501727,0.098191214
65684,4/10/2020,Russia,11917,795,94,11028,26,145934000,11585,5.32,7.1,75.56840764,1.22384E-11,0.007887891,0.105736783
65685,4/11/2020,Russia,13584,1045,106,12433,27,145934000,11585,5.32,7.1,85.19604753,1.1423E-11,0.007803298,0.092093831
65686,4/12/2020,Russia,15770,1291,130,14349,28,145934000,11585,5.32,7.1,98.32527033,1.49794E-11,0.0082435,0.09148487
65687,4/13/2020,Russia,18328,1470,148,16710,29,145934000,11585,5.32,7.1,114.5038168,1.75285E-11,0.008075076,0.091470952
65688,4/14/2020,Russia,21102,1694,170,19238,30,145934000,11585,5.32,7.1,131.8267162,1.90086E-11,0.008056108,0.091201717
65689,4/15/2020,Russia,24490,1986,198,22306,31,145934000,11585,5.32,7.1,152.8499185,2.3216E-11,0.008084933,0.090659341
65690,4/16/2020,Russia,27938,2304,232,25402,32,145934000,11585,5.32,7.1,174.0649883,2.36271E-11,0.008304102,0.09148265
65691,4/17/2020,Russia,32008,2590,273,29145,33,145934000,11585,5.32,7.1,199.7135691,2.78893E-11,0.008529118,0.095354523
65692,4/18/2020,Russia,36793,3057,313,33423,34,145934000,11585,5.32,7.1,229.0281908,3.27888E-11,0.008507053,0.092878338
65693,4/19/2020,Russia,42853,3291,361,39201,35,145934000,11585,5.32,7.1,268.6214316,4.15256E-11,0.008424148,0.098849945
65694,4/20/2020,Russia,47121,3446,405,43270,36,145934000,11585,5.32,7.1,296.503899,2.92461E-11,0.008594894,0.105167489
65695,4/21/2020,Russia,52763,3873,456,48434,37,145934000,11585,5.32,7.1,331.8897584,3.86613E-11,0.00864242,0.105336105
65696,4/22/2020,Russia,57999,4420,513,53066,38,145934000,11585,5.32,7.1,363.6301342,3.58792E-11,0.00884498,0.103993513
65697,4/23/2020,Russia,62773,4891,555,57327,39,145934000,11585,5.32,7.1,392.8282648,3.27134E-11,0.008841381,0.101909658
65698,4/24/2020,Russia,68622,5568,615,62439,40,145934000,11585,5.32,7.1,427.8577987,4.00798E-11,0.00896214,0.099466279
65699,4/25/2020,Russia,74588,6250,681,67657,41,145934000,11585,5.32,7.1,463.6136884,4.08815E-11,0.009130155,0.09825422
65700,4/26/2020,Russia,80949,6767,747,73435,42,145934000,11585,5.32,7.1,503.2069292,4.35882E-11,0.009228032,0.099414426
65701,4/27/2020,Russia,87147,7346,794,79007,43,145934000,11585,5.32,7.1,541.3885729,4.24713E-11,0.009111042,0.097542998
65702,4/28/2020,Russia,93558,8456,867,84235,44,145934000,11585,5.32,7.1,577.2129867,4.39308E-11,0.009266979,0.092995817
65703,4/29/2020,Russia,99399,10286,972,88141,45,145934000,11585,5.32,7.1,603.9785108,4.00249E-11,0.00977877,0.086338604
65704,4/30/2020,Russia,106498,11619,1073,93806,46,145934000,11585,5.32,7.1,642.797429,4.86453E-11,0.010075307,0.084541443
65705,5/1/2020,Russia,114431,13220,1169,100042,47,145934000,11585,5.32,7.1,685.5290748,5.43602E-11,0.010215763,0.081242616
65706,5/2/2020,Russia,124054,15013,1222,107819,48,145934000,11585,5.32,7.1,738.8202886,6.59408E-11,0.009850549,0.07526948
65707,5/3/2020,Russia,134687,16639,1280,116768,49,145934000,11585,5.32,7.1,800.1425302,7.28617E-11,0.009503516,0.071432558
65708,5/4/2020,Russia,145268,18095,1356,125817,50,145934000,11585,5.32,7.1,862.150013,7.25054E-11,0.009334471,0.069713639
65709,5/5/2020,Russia,155370,19865,1451,134054,51,145934000,11585,5.32,7.1,918.5933367,6.92231E-11,0.009338997,0.068070933
65710,5/6/2020,Russia,165929,21327,1537,143065,52,145934000,11585,5.32,7.1,980.3404279,7.23546E-11,0.009262998,0.067223583
65711,5/7/2020,Russia,177160,23803,1625,151732,53,145934000,11585,5.32,7.1,1039.730289,7.69594E-11,0.009172499,0.06390593
65712,5/8/2020,Russia,187859,26608,1723,159528,54,145934000,11585,5.32,7.1,1093.151699,7.3314E-11,0.009171772,0.060816773
65713,5/9/2020,Russia,198676,31916,1827,164933,55,145934000,11585,5.32,7.1,1130.18899,7.41225E-11,0.009195877,0.054144563
65714,5/10/2020,Russia,209688,34306,1915,173467,56,145934000,11585,5.32,7.1,1188.66748,7.54588E-11,0.009132616,0.052869882
65715,5/11/2020,Russia,221344,39801,2009,179534,57,145934000,11585,5.32,7.1,1230.241068,7.98717E-11,0.00907637,0.048050706
65716,5/12/2020,Russia,232243,43512,2116,186615,58,145934000,11585,5.32,7.1,1278.763002,7.46844E-11,0.009111147,0.046375033
65717,5/13/2020,Russia,242271,48003,2212,192056,59,145934000,11585,5.32,7.1,1316.04698,6.8716E-11,0.009130271,0.044050582
65718,5/14/2020,Russia,252245,53530,2305,196410,60,145934000,11585,5.32,7.1,1345.882385,6.8346E-11,0.009137941,0.04128235
65719,5/15/2020,Russia,262843,58226,2418,202199,61,145934000,11585,5.32,7.1,1385.551003,7.26219E-11,0.009199408,0.03987204
65720,5/16/2020,Russia,272043,63166,2537,206340,62,145934000,11585,5.32,7.1,1413.926844,6.30422E-11,0.009325732,0.038613153
65721,5/17/2020,Russia,281752,67373,2631,211748,63,145934000,11585,5.32,7.1,1450.984692,6.65301E-11,0.009337999,0.037583567
65722,5/18/2020,Russia,290678,70209,2722,217747,64,145934000,11585,5.32,7.1,1492.092316,6.11646E-11,0.009364314,0.037322949
65723,5/19/2020,Russia,299941,76130,2837,220974,65,145934000,11585,5.32,7.1,1514.205052,6.34739E-11,0.009458527,0.0359264
65724,5/20/2020,Russia,308705,85392,2972,220341,66,145934000,11585,5.32,7.1,1509.867474,6.00545E-11,0.009627314,0.033633606
65725,5/21/2020,Russia,317554,92681,3099,221774,67,145934000,11585,5.32,7.1,1519.686982,6.0637E-11,0.00975897,0.032355398
65726,5/22/2020,Russia,326448,99825,3249,223374,68,145934000,11585,5.32,7.1,1530.650842,6.09454E-11,0.009952581,0.031521043
65727,5/23/2020,Russia,335882,107936,3388,224558,69,145934000,11585,5.32,7.1,1538.764099,6.46457E-11,0.010086876,0.030433689
65728,5/24/2020,Russia,344481,113299,3541,227641,70,145934000,11585,5.32,7.1,1559.890087,5.89239E-11,0.010279232,0.030306402
65729,5/25/2020,Russia,353427,118798,3633,230996,71,145934000,11585,5.32,7.1,1582.879932,6.13017E-11,0.01027935,0.029673857
65730,5/26/2020,Russia,362342,131129,3807,227406,72,145934000,11585,5.32,7.1,1558.27977,6.10893E-11,0.010506648,0.028213375
65731,5/27/2020,Russia,370680,142208,3968,224504,73,145934000,11585,5.32,7.1,1538.394069,5.71354E-11,0.010704651,0.027145359
65732,5/28/2020,Russia,379051,150993,4142,223916,74,145934000,11585,5.32,7.1,1534.36485,5.73615E-11,0.010927289,0.026699326
65733,5/29/2020,Russia,387623,159257,4374,223992,75,145934000,11585,5.32,7.1,1534.885633,5.87389E-11,0.01128416,0.026730876
65734,5/30/2020,Russia,396575,167469,4555,224551,76,145934000,11585,5.32,7.1,1538.716132,6.13428E-11,0.011485848,0.026478863
65735,5/31/2020,Russia,405843,171883,4693,229267,77,145934000,11585,5.32,7.1,1571.03211,6.35082E-11,0.011563585,0.026577791
65736,6/1/2020,Russia,414328,175514,4849,233965,78,145934000,11585,5.32,7.1,1603.224745,5.81427E-11,0.011703288,0.026884671
65737,6/2/2020,Russia,423186,186602,5031,231553,79,145934000,11585,5.32,7.1,1586.696726,6.06987E-11,0.01188839,0.026253307
65738,6/3/2020,Russia,431715,195559,5208,230948,80,145934000,11585,5.32,7.1,1582.551016,5.84442E-11,0.012063514,0.025940518
65739,6/4/2020,Russia,440538,204197,5376,230965,81,145934000,11585,5.32,7.1,1582.667507,6.04588E-11,0.012203261,0.025652159
65740,6/5/2020,Russia,449256,212237,5520,231499,82,145934000,11585,5.32,7.1,1586.326696,5.97393E-11,0.012286981,0.025349357
65741,6/6/2020,Russia,458102,220935,5717,231450,83,145934000,11585,5.32,7.1,1585.990927,6.06164E-11,0.012479753,0.025223691
65742,6/7/2020,Russia,467073,226272,5851,234950,84,145934000,11585,5.32,7.1,1609.974372,6.1473E-11,0.01252695,0.025206464
65743,6/8/2020,Russia,476043,230226,5963,239854,85,145934000,11585,5.32,7.1,1643.578604,6.14661E-11,0.012526179,0.02524673
65744,6/9/2020,Russia,484630,241917,6134,236579,86,145934000,11585,5.32,7.1,1621.136952,5.88417E-11,0.012657079,0.024728786
65745,6/10/2020,Russia,493023,252295,6350,234378,87,145934000,11585,5.32,7.1,1606.054792,5.75123E-11,0.012879724,0.024551026
65746,6/11/2020,Russia,501800,260649,6522,234629,88,145934000,11585,5.32,7.1,1607.774747,6.01436E-11,0.01299721,0.024411332
65747,6/12/2020,Russia,510761,268862,6705,235194,89,145934000,11585,5.32,7.1,1611.646361,6.14045E-11,0.013127471,0.024331651
65748,6/13/2020,Russia,519458,274128,6819,238511,90,145934000,11585,5.32,7.1,1634.375814,5.95954E-11,0.013127144,0.024271482
65749,6/14/2020,Russia,528267,279536,6938,241793,91,145934000,11585,5.32,7.1,1656.865432,6.03629E-11,0.01313351,0.024218603
65750,6/15/2020,Russia,536484,284021,7081,245382,92,145934000,11585,5.32,7.1,1681.458742,5.63063E-11,0.013198902,0.024324807
65751,6/16/2020,Russia,544725,293780,7274,243671,93,145934000,11585,5.32,7.1,1669.734263,5.64707E-11,0.013353527,0.024161778
65752,6/17/2020,Russia,552549,303800,7468,241281,94,145934000,11585,5.32,7.1,1653.356997,5.36133E-11,0.013515543,0.023992187
65753,6/18/2020,Russia,560321,313409,7650,239262,95,145934000,11585,5.32,7.1,1639.521976,5.3257E-11,0.013652888,0.023827396
65754,6/19/2020,Russia,568292,323851,7831,236610,96,145934000,11585,5.32,7.1,1621.349377,5.46206E-11,0.013779888,0.023609964
65755,6/20/2020,Russia,576162,334024,7992,234146,97,145934000,11585,5.32,7.1,1604.465032,5.39285E-11,0.013871099,0.023367328
65756,6/21/2020,Russia,583879,339142,8101,236636,98,145934000,11585,5.32,7.1,1621.52754,5.28801E-11,0.01387445,0.023329484
65757,6/22/2020,Russia,591465,343847,8196,239422,99,145934000,11585,5.32,7.1,1640.618362,5.19824E-11,0.013857117,0.023281247
65758,6/23/2020,Russia,598878,355847,8349,234682,100,145934000,11585,5.32,7.1,1608.137925,5.07969E-11,0.01394107,0.022924469
65759,6/24/2020,Russia,606043,368222,8503,229318,101,145934000,11585,5.32,7.1,1571.381583,4.90975E-11,0.014030358,0.022570841
65760,6/25/2020,Russia,613148,374557,8594,229997,102,145934000,11585,5.32,7.1,1576.034372,4.86864E-11,0.014016192,0.022429799
65761,6/26/2020,Russia,619936,383524,8770,227642,103,145934000,11585,5.32,7.1,1559.89694,4.65142E-11,0.014146622,0.022355682
65762,6/27/2020,Russia,626779,392703,8958,225118,104,145934000,11585,5.32,7.1,1542.60145,4.68911E-11,0.014292119,0.022302389
65763,6/28/2020,Russia,633563,398436,9060,226067,105,145934000,11585,5.32,7.1,1549.10439,4.64868E-11,0.014300077,0.022233347
65764,6/29/2020,Russia,640246,402778,9152,228316,106,145934000,11585,5.32,7.1,1564.515466,4.57947E-11,0.014294506,0.022217367
65765,6/30/2020,Russia,646929,411973,9306,225650,107,145934000,11585,5.32,7.1,1546.246934,4.57947E-11,0.014384886,0.022089874
65766,7/1/2020,Russia,653479,422235,9521,221723,108,145934000,11585,5.32,7.1,1519.337509,4.48833E-11,0.014569711,0.022051807
65767,7/2/2020,Russia,660231,428276,9668,222287,109,145934000,11585,5.32,7.1,1523.20227,4.62675E-11,0.01464336,0.022075882
65768,7/3/2020,Russia,666941,437155,9844,219942,110,145934000,11585,5.32,7.1,1507.133362,4.59797E-11,0.014759926,0.022022421
65769,7/4/2020,Russia,673564,446127,10011,217426,111,145934000,11585,5.32,7.1,1489.892691,4.53835E-11,0.01486273,0.021947305
65770,7/5/2020,Russia,680283,449995,10145,220143,112,145934000,11585,5.32,7.1,1508.510697,4.60414E-11,0.014912911,0.022047638
65771,7/6/2020,Russia,686852,453570,10280,223002,113,145934000,11585,5.32,7.1,1528.101745,4.50135E-11,0.014966834,0.022162337
65772,7/7/2020,Russia,693215,463103,10478,219634,114,145934000,11585,5.32,7.1,1505.022819,4.36019E-11,0.01511508,0.022125043
65773,7/8/2020,Russia,699749,471718,10650,217381,115,145934000,11585,5.32,7.1,1489.584333,4.47737E-11,0.015219743,0.022078579
65774,7/9/2020,Russia,706240,480494,10826,214920,116,145934000,11585,5.32,7.1,1472.720545,4.4479E-11,0.015329067,0.022034519
65775,7/10/2020,Russia,712863,488234,11000,213629,117,145934000,11585,5.32,7.1,1463.87408,4.53835E-11,0.015430735,0.022033756
65776,7/11/2020,Russia,719449,496594,11188,211667,118,145934000,11585,5.32,7.1,1450.429646,4.513E-11,0.01555079,0.022033077
65777,7/12/2020,Russia,726036,500208,11318,214510,119,145934000,11585,5.32,7.1,1469.911056,4.51368E-11,0.015588759,0.022125953
65778,7/13/2020,Russia,732547,503168,11422,217957,120,145934000,11585,5.32,7.1,1493.531322,4.46161E-11,0.015592174,0.022196312
65779,7/14/2020,Russia,738787,511958,11597,215232,121,145934000,11585,5.32,7.1,1474.858498,4.27591E-11,0.015697353,0.02215049
65780,7/15/2020,Russia,745197,522375,11753,211069,122,145934000,11585,5.32,7.1,1446.331903,4.3924E-11,0.015771668,0.022004089
65781,7/16/2020,Russia,751612,530801,11920,208891,123,145934000,11585,5.32,7.1,1431.407349,4.39582E-11,0.015859247,0.021963403
65782,7/17/2020,Russia,758001,538467,12106,207428,124,145934000,11585,5.32,7.1,1421.382269,4.37801E-11,0.015970955,0.021988002
65783,7/18/2020,Russia,764215,545909,12228,206078,125,145934000,11585,5.32,7.1,1412.131512,4.25809E-11,0.016000733,0.0219086
65784,7/19/2020,Russia,770311,549387,12323,208601,126,145934000,11585,5.32,7.1,1429.420149,4.17723E-11,0.015997435,0.021938367
65785,7/20/2020,Russia,776212,552644,12408,211160,127,145934000,11585,5.32,7.1,1446.955473,4.04361E-11,0.015985324,0.021959041
65786,7/21/2020,Russia,782040,561397,12561,208082,128,145934000,11585,5.32,7.1,1425.863747,3.99359E-11,0.016061838,0.021884877
65787,7/22/2020,Russia,787890,571049,12726,204115,129,145934000,11585,5.32,7.1,1398.680225,4.00866E-11,0.016152001,0.021799495
65788,7/23/2020,Russia,793720,579295,12873,201552,130,145934000,11585,5.32,7.1,1381.117491,3.99496E-11,0.016218566,0.021738763
65789,7/24/2020,Russia,799499,587728,13026,198745,131,145934000,11585,5.32,7.1,1361.882769,3.96001E-11,0.016292703,0.021682752
65790,7/25/2020,Russia,805332,596064,13172,196096,132,145934000,11585,5.32,7.1,1343.730728,3.99701E-11,0.016355987,0.021620521
65791,7/26/2020,Russia,811073,599172,13249,198652,133,145934000,11585,5.32,7.1,1361.245495,3.93397E-11,0.016335151,0.021633811
65792,7/27/2020,Russia,816680,602249,13334,201097,134,145934000,11585,5.32,7.1,1377.999644,3.84215E-11,0.01632708,0.021660767
65793,7/28/2020,Russia,822060,611109,13483,197468,135,145934000,11585,5.32,7.1,1353.132238,3.6866E-11,0.016401479,0.021586892
65794,7/29/2020,Russia,827509,619204,13650,194655,136,145934000,11585,5.32,7.1,1333.856401,3.73388E-11,0.016495289,0.021568956
65795,7/30/2020,Russia,832993,628482,13778,190733,137,145934000,11585,5.32,7.1,1306.981238,3.75786E-11,0.016540355,0.021452371
65796,7/31/2020,Russia,838461,637217,13939,187305,138,145934000,11585,5.32,7.1,1283.491167,3.7469E-11,0.016624506,0.021406545
65797,8/1/2020,Russia,843890,645316,14034,184540,139,145934000,11585,5.32,7.1,1264.544246,3.72017E-11,0.01663013,0.021284598
65798,8/2/2020,Russia,849277,648961,14104,186212,140,145934000,11585,5.32,7.1,1276.00148,3.69139E-11,0.016607067,0.021270916
65799,8/3/2020,Russia,854641,652372,14183,188086,141,145934000,11585,5.32,7.1,1288.842902,3.67563E-11,0.016595272,0.021278064
65800,8/4/2020,Russia,859762,660235,14327,185200,142,145934000,11585,5.32,7.1,1269.066838,3.50912E-11,0.016663914,0.021238967
65801,8/5/2020,Russia,864948,667769,14465,182714,143,145934000,11585,5.32,7.1,1252.03174,3.55366E-11,0.016723549,0.021202403
65802,8/6/2020,Russia,870187,675069,14579,180539,144,145934000,11585,5.32,7.1,1237.127743,3.58998E-11,0.01675387,0.02113977
65803,8/7/2020,Russia,875378,682278,14698,178402,145,145934000,11585,5.32,7.1,1222.484137,3.55709E-11,0.016790461,0.021088244
65804,8/8/2020,Russia,880563,688856,14827,176880,146,145934000,11585,5.32,7.1,1212.054764,3.55298E-11,0.016838091,0.021070567
65805,8/9/2020,Russia,885718,692059,14903,178756,147,145934000,11585,5.32,7.1,1224.909891,3.53242E-11,0.016825897,0.021080341
65806,8/10/2020,Russia,890799,695317,14973,180509,148,145934000,11585,5.32,7.1,1236.92217,3.48171E-11,0.016808506,0.021080122
65807,8/11/2020,Russia,895691,701796,15103,178792,149,145934000,11585,5.32,7.1,1225.156578,3.3522E-11,0.016861842,0.021067124
65808,8/12/2020,Russia,900745,708900,15231,176614,150,145934000,11585,5.32,7.1,1210.232023,3.46321E-11,0.016909336,0.021033487
65809,8/13/2020,Russia,905762,714934,15353,175475,151,145934000,11585,5.32,7.1,1202.427125,3.43786E-11,0.016950369,0.021023242
65810,8/14/2020,Russia,910778,721473,15467,173838,152,145934000,11585,5.32,7.1,1191.209725,3.43717E-11,0.016982184,0.02098814
65811,8/15/2020,Russia,915808,727895,15585,172328,153,145934000,11585,5.32,7.1,1180.862582,3.44676E-11,0.017017759,0.020962232
65812,8/16/2020,Russia,920719,731444,15653,173622,154,145934000,11585,5.32,7.1,1189.729604,3.36522E-11,0.017000844,0.020951764
65813,8/17/2020,Russia,925558,734573,15707,175278,155,145934000,11585,5.32,7.1,1201.077199,3.31588E-11,0.016970303,0.020934851
65814,8/18/2020,Russia,930276,741045,15836,173395,156,145934000,11585,5.32,7.1,1188.174106,3.23297E-11,0.017022905,0.020922708
65815,8/19/2020,Russia,935066,747802,15951,171313,157,145934000,11585,5.32,7.1,1173.907383,3.28231E-11,0.017058689,0.020885024
65816,8/20/2020,Russia,939833,753868,16058,169907,158,145934000,11585,5.32,7.1,1164.27289,3.26655E-11,0.017086014,0.02085655
65817,8/21/2020,Russia,944671,759639,16148,168884,159,145934000,11585,5.32,7.1,1157.262872,3.3152E-11,0.017093782,0.020814992
65818,8/22/2020,Russia,949531,765754,16268,167509,160,145934000,11585,5.32,7.1,1147.840805,3.33027E-11,0.017132669,0.020802484
65819,8/23/2020,Russia,954328,768906,16341,169081,161,145934000,11585,5.32,7.1,1158.612798,3.2871E-11,0.017123044,0.020810013
65820,8/24/2020,Russia,959016,771357,16406,171253,162,145934000,11585,5.32,7.1,1173.496238,3.21241E-11,0.017107118,0.020826061
65821,8/25/2020,Russia,963655,777960,16524,169171,163,145934000,11585,5.32,7.1,1159.229515,3.17883E-11,0.017147216,0.020798405
65822,8/26/2020,Russia,968297,784277,16638,167382,164,145934000,11585,5.32,7.1,1146.970548,3.18089E-11,0.017182745,0.02077374
65823,8/27/2020,Russia,972972,790629,16758,165585,165,145934000,11585,5.32,7.1,1134.656763,3.2035E-11,0.017223517,0.020755846
65824,8/28/2020,Russia,977730,796498,16866,164366,166,145934000,11585,5.32,7.1,1126.303672,3.26038E-11,0.017250161,0.020736103
65825,8/29/2020,Russia,982573,802365,16977,163231,167,145934000,11585,5.32,7.1,1118.526183,3.31862E-11,0.017278106,0.020720285
65826,8/30/2020,Russia,987470,804941,17045,165484,168,145934000,11585,5.32,7.1,1133.964669,3.35563E-11,0.017261284,0.020736363
65827,8/31/2020,Russia,992402,807339,17128,167935,169,145934000,11585,5.32,7.1,1150.759933,3.37961E-11,0.017259135,0.020774634
65828,9/1/2020,Russia,997072,813603,17250,166219,170,145934000,11585,5.32,7.1,1139.001192,3.20008E-11,0.017300656,0.020761795
65829,9/2/2020,Russia,1001965,819043,17365,165557,171,145934000,11585,5.32,7.1,1134.464895,3.35289E-11,0.017330945,0.020761399
65830,9/3/2020,Russia,1006923,824783,17479,164661,172,145934000,11585,5.32,7.1,1128.325133,3.39743E-11,0.017358825,0.02075245
65831,9/4/2020,Russia,1011987,830532,17598,163857,173,145934000,11585,5.32,7.1,1122.815793,3.47006E-11,0.017389551,0.020749178
65832,9/5/2020,Russia,1017131,835884,17707,163540,174,145934000,11585,5.32,7.1,1120.643579,3.52488E-11,0.01740877,0.020744127
65833,9/6/2020,Russia,1022228,838680,17768,165780,175,145934000,11585,5.32,7.1,1135.992983,3.49267E-11,0.017381641,0.020746152
65834,9/7/2020,Russia,1027334,840997,17818,168519,176,145934000,11585,5.32,7.1,1154.761742,3.49884E-11,0.017343921,0.020747192
65835,9/8/2020,Russia,1032354,847746,17939,166669,177,145934000,11585,5.32,7.1,1142.084778,3.43991E-11,0.017376791,0.020722318
65836,9/9/2020,Russia,1037526,854069,18080,165377,178,145934000,11585,5.32,7.1,1133.231461,3.54407E-11,0.017426069,0.020730403
65837,9/10/2020,Russia,1042836,859961,18207,164668,179,145934000,11585,5.32,7.1,1128.3731,3.63863E-11,0.017459121,0.020732935
65838,9/11/2020,Russia,1048257,865646,18309,164302,180,145934000,11585,5.32,7.1,1125.865117,3.71469E-11,0.017466137,0.020712593
65839,9/12/2020,Russia,1053663,871000,18426,164237,181,145934000,11585,5.32,7.1,1125.41971,3.70441E-11,0.017487565,0.020716732
65840,9/13/2020,Russia,1059024,873684,18517,166823,182,145934000,11585,5.32,7.1,1143.14005,3.67358E-11,0.017484967,0.020754292
65841,9/14/2020,Russia,1064438,876152,18573,169713,183,145934000,11585,5.32,7.1,1162.943522,3.7099E-11,0.017448644,0.020758334
65842,9/15/2020,Russia,1069873,881693,18723,169457,184,145934000,11585,5.32,7.1,1161.189305,3.72429E-11,0.017500208,0.020793722
65843,9/16/2020,Russia,1075485,887457,18853,169175,185,145934000,11585,5.32,7.1,1159.256924,3.84557E-11,0.017529766,0.020801933
65844,9/17/2020,Russia,1081152,893145,18996,169011,186,145934000,11585,5.32,7.1,1158.133129,3.88326E-11,0.017570147,0.020825728
65845,9/18/2020,Russia,1086955,898420,19128,169407,187,145934000,11585,5.32,7.1,1160.846684,3.97646E-11,0.017597785,0.020846866
65846,9/19/2020,Russia,1092915,903545,19270,170100,188,145934000,11585,5.32,7.1,1165.595406,4.08404E-11,0.017631746,0.020881759
65847,9/20/2020,Russia,1098958,906431,19349,173178,189,145934000,11585,5.32,7.1,1186.687133,4.14091E-11,0.017606678,0.020900214
65848,9/21/2020,Russia,1105048,909026,19420,176602,190,145934000,11585,5.32,7.1,1210.149794,4.17312E-11,0.017573897,0.020916672
65849,9/22/2020,Russia,1111157,914923,19575,176659,191,145934000,11585,5.32,7.1,1210.540381,4.18614E-11,0.017616772,0.020947075
65850,9/23/2020,Russia,1117487,920602,19720,177165,192,145934000,11585,5.32,7.1,1214.007702,4.33758E-11,0.017646738,0.02097154
65851,9/24/2020,Russia,1123976,926663,19867,177446,193,145934000,11585,5.32,7.1,1215.93323,4.44653E-11,0.017675644,0.020989298
16633,1/22/2020,China,548,28,17,503,1,1439000000,10216.6,5.35,4.3,0.349548297,-7.807E-10,0.031021898,0.377777778
16634,1/23/2020,China,643,30,18,595,2,1439000000,10216.6,5.35,4.3,0.413481584,6.60181E-14,0.027993779,0.375
16635,1/24/2020,China,920,36,26,858,3,1439000000,10216.6,5.35,4.3,0.596247394,1.92495E-13,0.02826087,0.419354839
16636,1/25/2020,China,1406,39,42,1325,4,1439000000,10216.6,5.35,4.3,0.920778318,3.37735E-13,0.029871977,0.518518519
16637,1/26/2020,China,2075,49,56,1970,5,1439000000,10216.6,5.35,4.3,1.369006254,4.64906E-13,0.026987952,0.533333333
16638,1/27/2020,China,2877,58,82,2737,6,1439000000,10216.6,5.35,4.3,1.902015288,5.57331E-13,0.028501912,0.585714286
16639,1/28/2020,China,5509,101,131,5277,7,1439000000,10216.6,5.35,4.3,3.667129951,1.82905E-12,0.02377927,0.564655172
16640,1/29/2020,China,6087,120,133,5834,8,1439000000,10216.6,5.35,4.3,4.054204309,4.01668E-13,0.021849844,0.5256917
16641,1/30/2020,China,8141,135,171,7835,9,1439000000,10216.6,5.35,4.3,5.444753301,1.42738E-12,0.021004791,0.558823529
16642,1/31/2020,China,9802,214,213,9375,10,1439000000,10216.6,5.35,4.3,6.514940931,1.15427E-12,0.021730259,0.49882904
16643,2/1/2020,China,11891,275,259,11357,11,1439000000,10216.6,5.35,4.3,7.89228631,1.4517E-12,0.021781179,0.485018727
16644,2/2/2020,China,16630,463,361,15806,12,1439000000,10216.6,5.35,4.3,10.98401668,3.29326E-12,0.021707757,0.438106796
16645,2/3/2020,China,19716,614,425,18677,13,1439000000,10216.6,5.35,4.3,12.97915219,2.14454E-12,0.021556097,0.409047161
16646,2/4/2020,China,23707,843,491,22373,14,1439000000,10216.6,5.35,4.3,15.5476025,2.77345E-12,0.020711182,0.368065967
16647,2/5/2020,China,27440,1115,563,25762,15,1439000000,10216.6,5.35,4.3,17.90271022,2.59416E-12,0.020517493,0.335518474
16648,2/6/2020,China,30587,1477,633,28477,16,1439000000,10216.6,5.35,4.3,19.78943711,2.18694E-12,0.020695067,0.3
16649,2/7/2020,China,34110,1999,718,31393,17,1439000000,10216.6,5.35,4.3,21.81584434,2.44823E-12,0.021049546,0.264262054
16650,2/8/2020,China,36814,2596,805,33413,18,1439000000,10216.6,5.35,4.3,23.21959694,1.87908E-12,0.021866681,0.23669509
16651,2/9/2020,China,39829,3219,905,35705,19,1439000000,10216.6,5.35,4.3,24.8123697,2.09521E-12,0.022722137,0.219447139
16652,2/10/2020,China,42354,3918,1012,37424,20,1439000000,10216.6,5.35,4.3,26.00694927,1.75469E-12,0.023893847,0.205273834
16653,2/11/2020,China,44386,4636,1112,38638,21,1439000000,10216.6,5.35,4.3,26.85059069,1.41209E-12,0.025052945,0.193458594
16654,2/12/2020,China,44759,5082,1117,38560,22,1439000000,10216.6,5.35,4.3,26.79638638,2.59208E-13,0.024955875,0.180190353
16655,2/13/2020,China,59895,6217,1369,52309,23,1439000000,10216.6,5.35,4.3,36.35093815,1.05184E-11,0.022856666,0.180464013
16656,2/14/2020,China,66358,7977,1521,56860,24,1439000000,10216.6,5.35,4.3,39.51355108,4.49131E-12,0.022921125,0.160138977
16657,2/15/2020,China,68413,9298,1663,57452,25,1439000000,10216.6,5.35,4.3,39.92494788,1.42808E-12,0.024308246,0.151719734
16658,2/16/2020,China,70513,10755,1766,57992,26,1439000000,10216.6,5.35,4.3,40.30020848,1.45935E-12,0.025045027,0.141043048
16659,2/17/2020,China,72434,12462,1864,58108,27,1439000000,10216.6,5.35,4.3,40.38082001,1.33495E-12,0.025733771,0.130113081
16660,2/18/2020,China,74211,14206,2003,58002,28,1439000000,10216.6,5.35,4.3,40.30715775,1.23489E-12,0.026990608,0.123573323
16661,2/19/2020,China,74619,15962,2116,56541,29,1439000000,10216.6,5.35,4.3,39.29186935,2.8353E-13,0.028357389,0.117048346
16662,2/20/2020,China,75077,18014,2238,54825,30,1439000000,10216.6,5.35,4.3,38.09937457,3.18277E-13,0.029809396,0.110507604
16663,2/21/2020,China,75550,18704,2238,54608,31,1439000000,10216.6,5.35,4.3,37.9485754,3.287E-13,0.029622766,0.106866584
16664,2/22/2020,China,77001,22699,2443,51859,32,1439000000,10216.6,5.35,4.3,36.03822099,1.00834E-12,0.031726861,0.097168085
16665,2/23/2020,China,77022,23187,2445,51390,33,1439000000,10216.6,5.35,4.3,35.71230021,1.45935E-14,0.031744177,0.095388577
16666,2/24/2020,China,77241,25015,2595,49631,34,1439000000,10216.6,5.35,4.3,34.48992356,1.52189E-13,0.033596147,0.093987686
16667,2/25/2020,China,77754,27676,2665,47413,35,1439000000,10216.6,5.35,4.3,32.9485754,3.56498E-13,0.034274764,0.087834943
16668,2/26/2020,China,78166,30084,2717,45365,36,1439000000,10216.6,5.35,4.3,31.52536484,2.8631E-13,0.034759358,0.08283284
16669,2/27/2020,China,78600,32930,2746,42924,37,1439000000,10216.6,5.35,4.3,29.82904795,3.01598E-13,0.034936387,0.076970512
16670,2/28/2020,China,78928,36329,2790,39809,38,1439000000,10216.6,5.35,4.3,27.66435024,2.27936E-13,0.035348672,0.071320842
16671,2/29/2020,China,79356,39320,2837,37199,39,1439000000,10216.6,5.35,4.3,25.85059069,2.97429E-13,0.03575029,0.06729606
16672,3/1/2020,China,79932,42162,2872,34898,40,1439000000,10216.6,5.35,4.3,24.25156359,4.00278E-13,0.035930541,0.063774037
16673,3/2/2020,China,80136,44854,2914,32368,41,1439000000,10216.6,5.35,4.3,22.49339819,1.41765E-13,0.036363183,0.061003182
16674,3/3/2020,China,80261,47450,2947,29864,42,1439000000,10216.6,5.35,4.3,20.7533009,8.68659E-14,0.036717708,0.058475703
16675,3/4/2020,China,80386,50001,2983,27402,43,1439000000,10216.6,5.35,4.3,19.04239055,8.68659E-14,0.037108452,0.056300015
16676,3/5/2020,China,80537,52292,3015,25230,44,1439000000,10216.6,5.35,4.3,17.53300903,1.04934E-13,0.037436209,0.054513895
16677,3/6/2020,China,80690,53944,3044,23702,45,1439000000,10216.6,5.35,4.3,16.47116053,1.06324E-13,0.037724625,0.053414754
16678,3/7/2020,China,80770,55539,3072,22159,46,1439000000,10216.6,5.35,4.3,15.39888812,5.55942E-14,0.038033923,0.05241337
16679,3/8/2020,China,80823,57388,3100,20335,47,1439000000,10216.6,5.35,4.3,14.13134121,3.68311E-14,0.038355419,0.051249835
16680,3/9/2020,China,80860,58804,3123,18933,48,1439000000,10216.6,5.35,4.3,13.15705351,2.57123E-14,0.03862231,0.050430345
16681,3/10/2020,China,80887,60181,3139,17567,49,1439000000,10216.6,5.35,4.3,12.20778318,1.8763E-14,0.038807225,0.049573594
16682,3/11/2020,China,80921,61644,3161,16116,50,1439000000,10216.6,5.35,4.3,11.19944406,2.36275E-14,0.03906279,0.048777101
16683,3/12/2020,China,80932,62901,3172,14859,51,1439000000,10216.6,5.35,4.3,10.32592078,7.6442E-15,0.039193397,0.048007507
16684,3/13/2020,China,80945,64196,3180,13569,52,1439000000,10216.6,5.35,4.3,9.429464906,9.03405E-15,0.039285935,0.047197815
16685,3/14/2020,China,80977,65660,3193,12124,53,1439000000,10216.6,5.35,4.3,8.425295344,2.22377E-14,0.03943095,0.046374159
16686,3/15/2020,China,81003,67017,3203,10783,54,1439000000,10216.6,5.35,4.3,7.493398193,1.80681E-14,0.039541745,0.045613785
16687,3/16/2020,China,81033,67910,3217,9906,55,1439000000,10216.6,5.35,4.3,6.883947186,2.08478E-14,0.039699875,0.045228957
16688,3/17/2020,China,81058,68798,3230,9030,56,1439000000,10216.6,5.35,4.3,6.275191105,1.73732E-14,0.03984801,0.044843672
16689,3/18/2020,China,81102,69755,3241,8106,57,1439000000,10216.6,5.35,4.3,5.633078527,3.05768E-14,0.039962023,0.044399693
16690,3/19/2020,China,81156,70535,3249,7372,58,1439000000,10216.6,5.35,4.3,5.123002085,3.75261E-14,0.040034009,0.044033937
16691,3/20/2020,China,81250,71266,3253,6731,59,1439000000,10216.6,5.35,4.3,4.677553857,6.53231E-14,0.040036923,0.043653296
16692,3/21/2020,China,81305,71857,3259,6189,60,1439000000,10216.6,5.35,4.3,4.300903405,3.8221E-14,0.040083636,0.043386229
16693,3/22/2020,China,81435,72362,3274,5799,61,1439000000,10216.6,5.35,4.3,4.029881862,9.03405E-14,0.040203844,0.043286266
16694,3/23/2020,China,81498,72814,3274,5410,62,1439000000,10216.6,5.35,4.3,3.759555247,4.37804E-14,0.040172765,0.043029124
16695,3/24/2020,China,81591,73280,3281,5030,63,1439000000,10216.6,5.35,4.3,3.495482974,6.46282E-14,0.040212769,0.042854717
16696,3/25/2020,China,81661,73773,3285,4603,64,1439000000,10216.6,5.35,4.3,3.198749131,4.86449E-14,0.040227281,0.042630227
16697,3/26/2020,China,81782,74181,3291,4310,65,1439000000,10216.6,5.35,4.3,2.995135511,8.40862E-14,0.040241129,0.042479864
16698,3/27/2020,China,81897,74720,3296,3881,66,1439000000,10216.6,5.35,4.3,2.697011814,7.99166E-14,0.040245674,0.042247744
16699,3/28/2020,China,81999,75100,3299,3600,67,1439000000,10216.6,5.35,4.3,2.501737318,7.08826E-14,0.040232198,0.042079618
16700,3/29/2020,China,82122,75582,3304,3236,68,1439000000,10216.6,5.35,4.3,2.248783878,8.5476E-14,0.040232824,0.041883224
16701,3/30/2020,China,82198,75923,3308,2967,69,1439000000,10216.6,5.35,4.3,2.061848506,5.28145E-14,0.040244288,0.041751335
16702,3/31/2020,China,82279,76206,3309,2764,70,1439000000,10216.6,5.35,4.3,1.920778318,5.62891E-14,0.040216823,0.04161479
16703,4/1/2020,China,82361,76405,3316,2640,71,1439000000,10216.6,5.35,4.3,1.834607366,5.6984E-14,0.040261774,0.041595063
16704,4/2/2020,China,82432,76565,3322,2545,72,1439000000,10216.6,5.35,4.3,1.768589298,4.93398E-14,0.040299884,0.041583737
16705,4/3/2020,China,82511,76760,3326,2425,73,1439000000,10216.6,5.35,4.3,1.685198054,5.48992E-14,0.040309777,0.041530355
16706,4/4/2020,China,82543,76946,3330,2267,74,1439000000,10216.6,5.35,4.3,1.575399583,2.22377E-14,0.040342609,0.041481887
16707,4/5/2020,China,82602,77207,3333,2062,75,1439000000,10216.6,5.35,4.3,1.432939541,4.10007E-14,0.040350113,0.041383164
16708,4/6/2020,China,82665,77310,3335,2020,76,1439000000,10216.6,5.35,4.3,1.403752606,4.37804E-14,0.040343555,0.041354083
16709,4/7/2020,China,82718,77410,3335,1973,77,1439000000,10216.6,5.35,4.3,1.371091035,3.68311E-14,0.040317706,0.041302867
16710,4/8/2020,China,82809,77567,3337,1905,78,1439000000,10216.6,5.35,4.3,1.323835997,6.32384E-14,0.040297552,0.041246416
16711,4/9/2020,China,82883,77679,3339,1865,79,1439000000,10216.6,5.35,4.3,1.296038916,5.14246E-14,0.040285704,0.041213064
16712,4/10/2020,China,82941,77791,3340,1810,80,1439000000,10216.6,5.35,4.3,1.257817929,4.03058E-14,0.040269589,0.041167988
16713,4/11/2020,China,83014,77877,3343,1794,81,1439000000,10216.6,5.35,4.3,1.246699097,5.07297E-14,0.040270316,0.041159813
16714,4/12/2020,China,83134,77956,3343,1835,82,1439000000,10216.6,5.35,4.3,1.275191105,8.33912E-14,0.040212188,0.041119817
16715,4/13/2020,China,83213,78039,3345,1829,83,1439000000,10216.6,5.35,4.3,1.271021543,5.48992E-14,0.040198046,0.041101445
16716,4/14/2020,China,83306,78200,3345,1761,84,1439000000,10216.6,5.35,4.3,1.223766505,6.46282E-14,0.04015317,0.041020296
16717,4/15/2020,China,83356,78311,3346,1699,85,1439000000,10216.6,5.35,4.3,1.180681028,3.47464E-14,0.040141082,0.040976279
16718,4/16/2020,China,83403,78401,3346,1656,86,1439000000,10216.6,5.35,4.3,1.150799166,3.26616E-14,0.040118461,0.040931166
16719,4/17/2020,China,83760,77552,4636,1572,87,1439000000,10216.6,5.35,4.3,1.092425295,2.48089E-13,0.055348615,0.056407261
16720,4/18/2020,China,83787,77614,4636,1537,88,1439000000,10216.6,5.35,4.3,1.068102849,1.8763E-14,0.055330779,0.056364742
16721,4/19/2020,China,83805,77690,4636,1479,89,1439000000,10216.6,5.35,4.3,1.027797081,1.25087E-14,0.055318895,0.056312708
16722,4/20/2020,China,83817,77745,4636,1436,90,1439000000,10216.6,5.35,4.3,0.997915219,8.33912E-15,0.055310975,0.056275112
16723,4/21/2020,China,83853,77799,4636,1418,91,1439000000,10216.6,5.35,4.3,0.985406532,2.50174E-14,0.055287229,0.056238248
16724,4/22/2020,China,83868,77861,4636,1371,92,1439000000,10216.6,5.35,4.3,0.952744962,1.04239E-14,0.055277341,0.056195983
16725,4/23/2020,China,83884,77983,4636,1265,93,1439000000,10216.6,5.35,4.3,0.879082696,1.11188E-14,0.055266797,0.056113001
16726,4/24/2020,China,83899,78109,4636,1154,94,1439000000,10216.6,5.35,4.3,0.801945796,1.04239E-14,0.055256916,0.056027555
16727,4/25/2020,China,83909,78175,4636,1098,95,1439000000,10216.6,5.35,4.3,0.763029882,6.94927E-15,0.055250331,0.055982901
16728,4/26/2020,China,83912,78277,4637,998,96,1439000000,10216.6,5.35,4.3,0.693537179,2.08478E-15,0.055260273,0.055925417
16729,4/27/2020,China,83918,78374,4637,907,97,1439000000,10216.6,5.35,4.3,0.630298819,4.16956E-15,0.055256322,0.055860067
16730,4/28/2020,China,83940,78422,4637,881,98,1439000000,10216.6,5.35,4.3,0.612230716,1.52884E-14,0.055241839,0.055827785
16731,4/29/2020,China,83944,78474,4637,833,99,1439000000,10216.6,5.35,4.3,0.578874218,2.77971E-15,0.055239207,0.055792855
16732,4/30/2020,China,83956,78523,4637,796,100,1439000000,10216.6,5.35,4.3,0.553161918,8.33912E-15,0.055231312,0.055759981
16733,5/1/2020,China,83959,78573,4637,749,101,1439000000,10216.6,5.35,4.3,0.520500347,2.08478E-15,0.055229338,0.055726475
16734,5/2/2020,China,83959,78586,4637,736,102,1439000000,10216.6,5.35,4.3,0.511466296,0,0.055229338,0.05571777
16735,5/3/2020,China,83964,78684,4637,643,103,1439000000,10216.6,5.35,4.3,0.446838082,3.47464E-15,0.055226049,0.055652237
16736,5/4/2020,China,83966,78792,4637,537,104,1439000000,10216.6,5.35,4.3,0.373175817,1.38985E-15,0.055224734,0.055580194
16737,5/5/2020,China,83968,78870,4637,461,105,1439000000,10216.6,5.35,4.3,0.320361362,1.38985E-15,0.055223418,0.055528279
16738,5/6/2020,China,83970,78929,4637,404,106,1439000000,10216.6,5.35,4.3,0.280750521,1.38985E-15,0.055222103,0.055489075
16739,5/7/2020,China,83975,78977,4637,361,107,1439000000,10216.6,5.35,4.3,0.250868659,3.47464E-15,0.055218815,0.05545722
16740,5/8/2020,China,83976,78993,4637,346,108,1439000000,10216.6,5.35,4.3,0.240444753,6.94927E-16,0.055218158,0.05544661
16741,5/9/2020,China,83990,79127,4637,226,109,1439000000,10216.6,5.35,4.3,0.157053509,9.72898E-15,0.055208953,0.05535791
16742,5/10/2020,China,84010,79167,4637,206,110,1439000000,10216.6,5.35,4.3,0.143154969,1.38985E-14,0.05519581,0.055331488
16743,5/11/2020,China,84011,79198,4637,176,111,1439000000,10216.6,5.35,4.3,0.122307158,6.94927E-16,0.055195153,0.055311028
16744,5/12/2020,China,84018,79222,4637,159,112,1439000000,10216.6,5.35,4.3,0.110493398,4.86449E-15,0.055190554,0.055295198
16745,5/13/2020,China,84024,79246,4637,141,113,1439000000,10216.6,5.35,4.3,0.097984712,4.16956E-15,0.055186613,0.055279377
16746,5/14/2020,China,84029,79261,4637,131,114,1439000000,10216.6,5.35,4.3,0.091035441,3.47464E-15,0.05518333,0.055269494
16747,5/15/2020,China,84038,79281,4637,120,115,1439000000,10216.6,5.35,4.3,0.083391244,6.25434E-15,0.05517742,0.055256322
16748,5/16/2020,China,84044,79293,4638,113,116,1439000000,10216.6,5.35,4.3,0.078526755,4.16956E-15,0.055185379,0.055259678
16749,5/17/2020,China,84054,79306,4638,110,117,1439000000,10216.6,5.35,4.3,0.076441974,6.94927E-15,0.055178814,0.05525112
16750,5/18/2020,China,84063,79310,4638,115,118,1439000000,10216.6,5.35,4.3,0.079916609,6.25434E-15,0.055172906,0.055248487
16751,5/19/2020,China,84063,79310,4638,115,119,1439000000,10216.6,5.35,4.3,0.079916609,0,0.055172906,0.055248487
16752,5/20/2020,China,84063,79310,4638,115,120,1439000000,10216.6,5.35,4.3,0.079916609,0,0.055172906,0.055248487
16753,5/21/2020,China,84063,79310,4638,115,121,1439000000,10216.6,5.35,4.3,0.079916609,0,0.055172906,0.055248487
16754,5/22/2020,China,84081,79332,4638,111,122,1439000000,10216.6,5.35,4.3,0.077136901,1.25087E-14,0.055161095,0.055234012
16755,5/23/2020,China,84084,79335,4638,111,123,1439000000,10216.6,5.35,4.3,0.077136901,2.08478E-15,0.055159127,0.055232039
16756,5/24/2020,China,84095,79343,4638,114,124,1439000000,10216.6,5.35,4.3,0.079221682,7.6442E-15,0.055151912,0.055226777
16757,5/25/2020,China,84102,79352,4638,112,125,1439000000,10216.6,5.35,4.3,0.077831828,4.86449E-15,0.055147321,0.05522086
16758,5/26/2020,China,84103,79358,4638,107,126,1439000000,10216.6,5.35,4.3,0.074357192,6.94927E-16,0.055146665,0.055216915
16759,5/27/2020,China,84106,79367,4638,101,127,1439000000,10216.6,5.35,4.3,0.07018763,2.08478E-15,0.055144698,0.055210999
16760,5/28/2020,China,84106,79371,4638,97,128,1439000000,10216.6,5.35,4.3,0.067407922,0,0.055144698,0.055208371
16761,5/29/2020,China,84123,79382,4638,103,129,1439000000,10216.6,5.35,4.3,0.071577484,1.18138E-14,0.055133554,0.055201143
16762,5/30/2020,China,84128,79386,4638,104,130,1439000000,10216.6,5.35,4.3,0.072272411,3.47464E-15,0.055130278,0.055198515
16763,5/31/2020,China,84146,79389,4638,119,131,1439000000,10216.6,5.35,4.3,0.082696317,1.25087E-14,0.055118485,0.055196544
16764,6/1/2020,China,84154,79398,4638,118,132,1439000000,10216.6,5.35,4.3,0.08200139,5.55942E-15,0.055113245,0.055190633
16765,6/2/2020,China,84161,79400,4638,123,133,1439000000,10216.6,5.35,4.3,0.085476025,4.86449E-15,0.055108661,0.055189319
16766,6/3/2020,China,84160,79404,4638,118,134,1439000000,10216.6,5.35,4.3,0.08200139,-6.94927E-16,0.055109316,0.055186692
16767,6/4/2020,China,84171,79415,4638,118,135,1439000000,10216.6,5.35,4.3,0.08200139,7.6442E-15,0.055102114,0.05517947
16768,6/5/2020,China,84177,79420,4638,119,136,1439000000,10216.6,5.35,4.3,0.082696317,4.16956E-15,0.055098186,0.055176188
16769,6/6/2020,China,84186,79424,4638,124,137,1439000000,10216.6,5.35,4.3,0.086170952,6.25434E-15,0.055092296,0.055173562
16770,6/7/2020,China,84191,79434,4638,119,138,1439000000,10216.6,5.35,4.3,0.082696317,3.47464E-15,0.055089024,0.055167
16771,6/8/2020,China,84195,79444,4638,113,139,1439000000,10216.6,5.35,4.3,0.078526755,2.77971E-15,0.055086407,0.055160439
16772,6/9/2020,China,84198,79451,4638,109,140,1439000000,10216.6,5.35,4.3,0.075747047,2.08478E-15,0.055084444,0.055155847
16773,6/10/2020,China,84209,79456,4638,115,141,1439000000,10216.6,5.35,4.3,0.079916609,7.6442E-15,0.055077248,0.055152567
16774,6/11/2020,China,84216,79464,4638,114,142,1439000000,10216.6,5.35,4.3,0.079221682,4.86449E-15,0.05507267,0.055147321
16775,6/12/2020,China,84228,79472,4638,118,143,1439000000,10216.6,5.35,4.3,0.08200139,8.33912E-15,0.055064824,0.055142076
28684,3/1/2020,France,130,12,2,116,1,65273000,40496.4,11.26,5.9,1.777151349,-1.2884E-09,0.015384615,0.142857143
28685,3/2/2020,France,191,12,3,176,2,65273000,40496.4,11.26,5.9,2.696367564,9.34536E-13,0.015706806,0.2
28686,3/3/2020,France,212,12,4,196,3,65273000,40496.4,11.26,5.9,3.002772969,3.21726E-13,0.018867925,0.25
28687,3/4/2020,France,288,12,4,272,4,65273000,40496.4,11.26,5.9,4.167113508,1.16434E-12,0.013888889,0.25
28688,3/5/2020,France,426,12,7,407,5,65273000,40496.4,11.26,5.9,6.235349992,2.1142E-12,0.016431925,0.368421053
28689,3/6/2020,France,616,12,9,595,6,65273000,40496.4,11.26,5.9,9.115560798,2.91085E-12,0.01461039,0.428571429
28690,3/7/2020,France,948,12,16,920,7,65273000,40496.4,11.26,5.9,14.09464863,5.08633E-12,0.016877637,0.571428571
28691,3/8/2020,France,1125,12,19,1094,8,65273000,40496.4,11.26,5.9,16.76037565,2.71169E-12,0.016888889,0.612903226
28692,3/9/2020,France,1411,12,25,1374,9,65273000,40496.4,11.26,5.9,21.05005132,4.3816E-12,0.017717931,0.675675676
28693,3/10/2020,France,1783,12,33,1738,10,65273000,40496.4,11.26,5.9,26.62662969,5.69914E-12,0.018508132,0.733333333
28694,3/11/2020,France,2293,12,48,2233,11,65273000,40496.4,11.26,5.9,34.21016347,7.81334E-12,0.020933275,0.8
28695,3/12/2020,France,2293,12,48,2233,12,65273000,40496.4,11.26,5.9,34.21016347,0,0.020933275,0.8
28696,3/13/2020,France,3681,12,79,3590,13,65273000,40496.4,11.26,5.9,54.9997702,2.12645E-11,0.021461559,0.868131868
28697,3/14/2020,France,4496,12,91,4393,14,65273000,40496.4,11.26,5.9,67.30194721,1.2486E-11,0.020240214,0.883495146
28698,3/15/2020,France,4532,12,91,4429,15,65273000,40496.4,11.26,5.9,67.85347694,5.5153E-13,0.020079435,0.883495146
28699,3/16/2020,France,6683,12,149,6522,16,65273000,40496.4,11.26,5.9,99.91880257,3.29539E-11,0.022295376,0.925465839
28700,3/17/2020,France,7715,12,149,7554,17,65273000,40496.4,11.26,5.9,115.7293215,1.58105E-11,0.019313027,0.925465839
28701,3/18/2020,France,9124,12,149,8963,18,65273000,40496.4,11.26,5.9,137.3155822,2.15863E-11,0.016330557,0.925465839
28702,3/19/2020,France,10970,12,244,10714,19,65273000,40496.4,11.26,5.9,164.1413755,2.82812E-11,0.022242479,0.953125
28703,3/20/2020,France,12758,12,451,12295,20,65273000,40496.4,11.26,5.9,188.3627227,2.73926E-11,0.035350368,0.974082073
28704,3/21/2020,France,14463,12,563,13888,21,65273000,40496.4,11.26,5.9,212.7679132,2.61211E-11,0.038926917,0.979130435
28705,3/22/2020,France,16758,2206,676,13876,22,65273000,40496.4,11.26,5.9,212.58407,3.516E-11,0.040338943,0.234559334
28706,3/23/2020,France,20123,2206,862,17055,23,65273000,40496.4,11.26,5.9,261.2872091,5.15527E-11,0.042836555,0.280964798
28707,3/24/2020,France,22372,3250,1102,18020,24,65273000,40496.4,11.26,5.9,276.0712699,3.44553E-11,0.049258001,0.253216912
28708,3/25/2020,France,25334,3907,1333,20094,25,65273000,40496.4,11.26,5.9,307.8455104,4.53786E-11,0.052617036,0.254389313
28709,3/26/2020,France,29252,4955,1697,22600,26,65273000,40496.4,11.26,5.9,346.2381076,6.00248E-11,0.058013127,0.255111245
28710,3/27/2020,France,33047,5707,1996,25344,27,65273000,40496.4,11.26,5.9,388.2769292,5.81404E-11,0.060398826,0.259119823
28711,3/28/2020,France,37692,5724,2314,29654,28,65273000,40496.4,11.26,5.9,454.307294,7.11627E-11,0.061392338,0.287882558
28712,3/29/2020,France,40295,7226,2608,30461,29,65273000,40496.4,11.26,5.9,466.6707521,3.98787E-11,0.06472267,0.265202359
28713,3/30/2020,France,44649,7964,3026,33659,30,65273000,40496.4,11.26,5.9,515.6649763,6.67045E-11,0.067773074,0.275341219
28714,3/31/2020,France,52278,9513,3526,39239,31,65273000,40496.4,11.26,5.9,601.1520843,1.16878E-10,0.06744711,0.270419511
28715,4/1/2020,France,57122,11053,4778,41291,32,65273000,40496.4,11.26,5.9,632.5892789,7.42114E-11,0.083645531,0.301812899
28716,4/2/2020,France,59228,12548,5387,41293,33,65273000,40496.4,11.26,5.9,632.6199194,3.22645E-11,0.090953603,0.30036242
28717,4/3/2020,France,64452,14135,6509,43808,34,65273000,40496.4,11.26,5.9,671.1503991,8.00331E-11,0.100989884,0.315297423
28718,4/4/2020,France,47378,15572,7562,24244,35,65273000,40496.4,11.26,5.9,371.4246319,-2.61578E-10,0.159609946,0.326878188
28719,4/5/2020,France,48233,16349,8081,23803,36,65273000,40496.4,11.26,5.9,364.6683928,1.30988E-11,0.167540895,0.330781826
28720,4/6/2020,France,50887,17428,8914,24545,37,65273000,40496.4,11.26,5.9,376.0360333,4.066E-11,0.175172441,0.338394959
28721,4/7/2020,France,47396,19523,10330,17543,38,65273000,40496.4,11.26,5.9,268.763501,-5.34831E-11,0.217950882,0.346028875
28722,4/8/2020,France,51251,21452,10874,18925,39,65273000,40496.4,11.26,5.9,289.9361145,5.90596E-11,0.21217147,0.336385572
28723,4/9/2020,France,55035,23413,12214,19408,40,65273000,40496.4,11.26,5.9,297.335805,5.79719E-11,0.221931498,0.342829876
28724,4/10/2020,France,56600,25195,13199,18206,41,65273000,40496.4,11.26,5.9,278.9208402,2.39762E-11,0.23319788,0.343777674
28725,4/11/2020,France,58045,26663,13835,17547,42,65273000,40496.4,11.26,5.9,268.8247821,2.21378E-11,0.238349556,0.341621808
28726,4/12/2020,France,108791,27469,14396,66926,43,65273000,40496.4,11.26,5.9,1025.324407,7.77442E-10,0.132327123,0.343867192
28727,4/13/2020,France,111932,28001,14969,68962,44,65273000,40496.4,11.26,5.9,1056.516477,4.8121E-11,0.133732981,0.34835932
28728,4/14/2020,France,129380,28805,15712,84863,45,65273000,40496.4,11.26,5.9,1300.124094,2.67308E-10,0.121440717,0.352943819
28729,4/15/2020,France,132588,30955,17150,84483,46,65273000,40496.4,11.26,5.9,1294.302391,4.91474E-11,0.129348056,0.356511797
28730,4/16/2020,France,145166,32812,17903,94451,47,65273000,40496.4,11.26,5.9,1447.014845,1.92698E-10,0.123327776,0.353011929
28731,4/17/2020,France,147057,34420,18664,93973,48,65273000,40496.4,11.26,5.9,1439.691756,2.89706E-11,0.126916774,0.351593701
28732,4/18/2020,France,150863,35983,19305,95575,49,65273000,40496.4,11.26,5.9,1464.234829,5.83089E-11,0.127963782,0.34917161
28733,4/19/2020,France,151955,36578,19694,95683,50,65273000,40496.4,11.26,5.9,1465.889418,1.67297E-11,0.129604159,0.349978675
28734,4/20/2020,France,154402,37409,20241,96752,51,65273000,40496.4,11.26,5.9,1482.266787,3.74887E-11,0.131092861,0.351101474
28735,4/21/2020,France,157068,39181,20769,97118,52,65273000,40496.4,11.26,5.9,1487.874006,4.08438E-11,0.132229353,0.346438699
28736,4/22/2020,France,158868,40657,21313,96898,53,65273000,40496.4,11.26,5.9,1484.503547,2.75765E-11,0.134155399,0.34392448
28737,4/23/2020,France,157158,42088,21829,93241,54,65273000,40496.4,11.26,5.9,1428.477318,-2.61977E-11,0.138898433,0.341521035
28738,4/24/2020,France,159969,43493,22219,94257,55,65273000,40496.4,11.26,5.9,1444.042713,4.30653E-11,0.138895661,0.338126978
28739,4/25/2020,France,161647,44594,22588,94465,56,65273000,40496.4,11.26,5.9,1447.229329,2.57074E-11,0.139736587,0.336221012
28740,4/26/2020,France,162280,44903,22830,94547,57,65273000,40496.4,11.26,5.9,1448.485591,9.69773E-12,0.140682771,0.337058745
28741,4/27/2020,France,165966,45513,23267,97186,58,65273000,40496.4,11.26,5.9,1488.915784,5.64705E-11,0.140191364,0.338281477
28742,4/28/2020,France,169098,46886,23634,98578,59,65273000,40496.4,11.26,5.9,1510.241601,4.79831E-11,0.139765107,0.335138968
28743,4/29/2020,France,167643,48228,24060,95355,60,65273000,40496.4,11.26,5.9,1460.86437,-2.2291E-11,0.143519264,0.332835325
28744,4/30/2020,France,168861,49476,24349,95036,61,65273000,40496.4,11.26,5.9,1455.977203,1.86601E-11,0.144195522,0.329820522
28745,5/1/2020,France,169387,50212,24566,94609,62,65273000,40496.4,11.26,5.9,1449.435448,8.05846E-12,0.145028839,0.328519083
28746,5/2/2020,France,170179,50663,24763,94753,63,65273000,40496.4,11.26,5.9,1451.641567,1.21337E-11,0.145511491,0.328308541
28747,5/3/2020,France,170540,50885,24898,94757,64,65273000,40496.4,11.26,5.9,1451.702848,5.53062E-12,0.145995074,0.328543341
28748,5/4/2020,France,171102,51476,25204,94422,65,65273000,40496.4,11.26,5.9,1446.570558,8.60999E-12,0.147303947,0.328690662
28749,5/5/2020,France,172219,52842,25537,93840,66,65273000,40496.4,11.26,5.9,1437.65416,1.71127E-11,0.148282129,0.325814313
28750,5/6/2020,France,176355,54079,25812,96464,67,65273000,40496.4,11.26,5.9,1477.854549,6.33646E-11,0.146363868,0.32309021
28751,5/7/2020,France,177096,55191,25991,95914,68,65273000,40496.4,11.26,5.9,1469.428401,1.13523E-11,0.146762208,0.320157178
28752,5/8/2020,France,177627,55892,26233,95502,69,65273000,40496.4,11.26,5.9,1463.116449,8.13506E-12,0.147685881,0.319427702
28753,5/9/2020,France,178156,56148,26313,95695,70,65273000,40496.4,11.26,5.9,1466.073262,8.10442E-12,0.147696401,0.3190963
28754,5/10/2020,France,178405,56327,26383,95695,71,65273000,40496.4,11.26,5.9,1466.073262,3.81475E-12,0.147882627,0.318981985
28755,5/11/2020,France,178719,56835,26646,95238,72,65273000,40496.4,11.26,5.9,1459.071898,4.81056E-12,0.149094388,0.319186402
28756,5/12/2020,France,179472,57898,26994,94580,73,65273000,40496.4,11.26,5.9,1448.99116,1.15362E-11,0.150407863,0.317980493
28757,5/13/2020,France,179993,58786,27079,94128,74,65273000,40496.4,11.26,5.9,1442.066398,7.98186E-12,0.15044474,0.315367146
28758,5/14/2020,France,180635,59719,27430,93486,75,65273000,40496.4,11.26,5.9,1432.230785,9.83561E-12,0.151853185,0.314748305
28759,5/15/2020,France,181148,60562,27532,93054,76,65273000,40496.4,11.26,5.9,1425.612428,7.8593E-12,0.151986221,0.312529798
28760,5/16/2020,France,181563,60562,27630,93371,77,65273000,40496.4,11.26,5.9,1430.468953,6.35791E-12,0.152178583,0.313293723
28761,5/17/2020,France,181703,61327,28113,92263,78,65273000,40496.4,11.26,5.9,1413.494094,2.14484E-12,0.154719515,0.314322451
28762,5/18/2020,France,182147,61843,28242,92062,79,65273000,40496.4,11.26,5.9,1410.41472,6.8022E-12,0.155050591,0.313503913
28763,5/19/2020,France,182648,62678,28025,91945,80,65273000,40496.4,11.26,5.9,1408.622248,7.67546E-12,0.153437213,0.308975447
28764,5/20/2020,France,183130,63472,28136,91522,81,65273000,40496.4,11.26,5.9,1402.141774,7.38437E-12,0.153639491,0.307134748
28765,5/21/2020,France,183397,63976,28218,91203,82,65273000,40496.4,11.26,5.9,1397.254608,4.09051E-12,0.153862931,0.306071979
28766,5/22/2020,France,184153,64327,28366,91460,83,65273000,40496.4,11.26,5.9,1401.191917,1.15821E-11,0.15403496,0.306020951
28767,5/23/2020,France,184699,64665,28452,91582,84,65273000,40496.4,11.26,5.9,1403.06099,8.36487E-12,0.15404523,0.305551081
28768,5/24/2020,France,184260,64735,28372,91153,85,65273000,40496.4,11.26,5.9,1396.488594,-6.7256E-12,0.153978074,0.304724672
28769,5/25/2020,France,184585,65317,28461,90807,86,65273000,40496.4,11.26,5.9,1391.187781,4.97909E-12,0.154189127,0.303493357
28770,5/26/2020,France,184840,65997,28598,90245,87,65273000,40496.4,11.26,5.9,1382.577789,3.90667E-12,0.154717594,0.302320419
28771,5/27/2020,France,185012,66702,28599,89711,88,65273000,40496.4,11.26,5.9,1374.396764,2.63509E-12,0.154579162,0.30009129
28772,5/28/2020,France,188355,67309,28666,92380,89,65273000,40496.4,11.26,5.9,1415.286566,5.12157E-11,0.152191341,0.298681948
28773,5/29/2020,France,188949,67921,28717,92311,90,65273000,40496.4,11.26,5.9,1414.229467,9.10024E-12,0.15198281,0.297160537
28774,5/30/2020,France,190744,68386,28774,93584,91,65273000,40496.4,11.26,5.9,1433.732171,2.74999E-11,0.150851403,0.296150679
28775,5/31/2020,France,190975,68473,28805,93697,92,65273000,40496.4,11.26,5.9,1435.463362,3.53898E-12,0.150831261,0.296110117
28776,6/1/2020,France,191382,68558,28837,93987,93,65273000,40496.4,11.26,5.9,1439.90624,6.23535E-12,0.150677702,0.296082961
88282,3/1/2020,United Kingdom,94,0,8,86,1,67886000,42328.9,10,2.5,1.266829685,-2.81778E-09,0.085106383,1
88283,3/2/2020,United Kingdom,134,0,8,126,2,67886000,42328.9,10,2.5,1.856052794,5.89223E-13,0.059701493,1
88284,3/3/2020,United Kingdom,189,0,8,181,3,67886000,42328.9,10,2.5,2.66623457,8.10182E-13,0.042328042,1
88285,3/4/2020,United Kingdom,246,0,8,238,4,67886000,42328.9,10,2.5,3.505877501,8.39643E-13,0.032520325,1
88286,3/5/2020,United Kingdom,295,0,8,287,5,67886000,42328.9,10,2.5,4.227675809,7.21798E-13,0.027118644,1
88287,3/6/2020,United Kingdom,374,1,8,365,6,67886000,42328.9,10,2.5,5.376660873,1.16372E-12,0.021390374,0.888888889
88288,3/7/2020,United Kingdom,429,2,18,409,7,67886000,42328.9,10,2.5,6.024806293,8.10182E-13,0.041958042,0.9
88289,3/8/2020,United Kingdom,483,2,18,463,8,67886000,42328.9,10,2.5,6.82025749,7.95451E-13,0.037267081,0.9
88290,3/9/2020,United Kingdom,630,3,18,609,9,67886000,42328.9,10,2.5,8.97092184,2.16539E-12,0.028571429,0.857142857
88291,3/10/2020,United Kingdom,889,7,19,863,10,67886000,42328.9,10,2.5,12.71248858,3.81522E-12,0.021372328,0.730769231
88292,3/11/2020,United Kingdom,1301,7,19,1275,11,67886000,42328.9,10,2.5,18.78148661,6.069E-12,0.014604151,0.730769231
88293,3/12/2020,United Kingdom,1790,9,19,1762,12,67886000,42328.9,10,2.5,25.95527797,7.20325E-12,0.010614525,0.678571429
88294,3/13/2020,United Kingdom,2270,10,19,2241,13,67886000,42328.9,10,2.5,33.0112247,7.07068E-12,0.008370044,0.655172414
88295,3/14/2020,United Kingdom,2634,29,19,2586,14,67886000,42328.9,10,2.5,38.09327402,5.36193E-12,0.007213364,0.395833333
88296,3/15/2020,United Kingdom,3077,43,19,3015,15,67886000,42328.9,10,2.5,44.41269187,6.52565E-12,0.006174846,0.306451613
88297,3/16/2020,United Kingdom,3692,66,21,3605,16,67886000,42328.9,10,2.5,53.10373273,9.05931E-12,0.005687974,0.24137931
88298,3/17/2020,United Kingdom,4462,83,53,4326,17,67886000,42328.9,10,2.5,63.72447927,1.13425E-11,0.011878082,0.389705882
88299,3/18/2020,United Kingdom,5468,118,68,5282,18,67886000,42328.9,10,2.5,77.80691159,1.4819E-11,0.012435991,0.365591398
88300,3/19/2020,United Kingdom,6534,164,68,6302,19,67886000,42328.9,10,2.5,92.83210087,1.57028E-11,0.010407101,0.293103448
88301,3/20/2020,United Kingdom,7792,196,68,7528,20,67886000,42328.9,10,2.5,110.8917892,1.85311E-11,0.008726899,0.257575758
88302,3/21/2020,United Kingdom,9007,254,68,8685,21,67886000,42328.9,10,2.5,127.9350676,1.78977E-11,0.007549684,0.211180124
88303,3/22/2020,United Kingdom,10395,289,67,10039,22,67886000,42328.9,10,2.5,147.8802699,2.0446E-11,0.006445406,0.188202247
88304,3/23/2020,United Kingdom,12744,365,67,12312,23,67886000,42328.9,10,2.5,181.3628731,3.46021E-11,0.005257376,0.155092593
88305,3/24/2020,United Kingdom,15126,513,140,14473,24,67886000,42328.9,10,2.5,213.1956515,3.50882E-11,0.009255586,0.2143951
88306,3/25/2020,United Kingdom,17843,704,140,16999,25,67886000,42328.9,10,2.5,250.4050909,4.0023E-11,0.007846214,0.165876777
88307,3/26/2020,United Kingdom,20970,886,150,19934,26,67886000,42328.9,10,2.5,293.6393365,4.60625E-11,0.007153076,0.144787645
88308,3/27/2020,United Kingdom,24219,1174,151,22894,27,67886000,42328.9,10,2.5,337.2418466,4.78596E-11,0.006234774,0.113962264
88309,3/28/2020,United Kingdom,27062,1466,151,25445,28,67886000,42328.9,10,2.5,374.8195504,4.1879E-11,0.00557978,0.093382808
88310,3/29/2020,United Kingdom,29954,1679,151,28124,29,67886000,42328.9,10,2.5,414.2827682,4.26008E-11,0.005041063,0.082513661
88311,3/30/2020,United Kingdom,34281,2053,171,32057,30,67886000,42328.9,10,2.5,472.2181304,6.37392E-11,0.004988186,0.076888489
88312,3/31/2020,United Kingdom,38815,2457,179,36179,31,67886000,42328.9,10,2.5,532.9375718,6.67884E-11,0.004611619,0.067905918
88313,4/1/2020,United Kingdom,43789,3130,179,40480,32,67886000,42328.9,10,2.5,596.2937866,7.32699E-11,0.004087785,0.054094893
88314,4/2/2020,United Kingdom,48718,3787,192,44739,33,67886000,42328.9,10,2.5,659.0313172,7.2607E-11,0.003941048,0.04825333
88315,4/3/2020,United Kingdom,53699,4524,208,48967,34,67886000,42328.9,10,2.5,721.3121999,7.3373E-11,0.003873443,0.043956044
88316,4/4/2020,United Kingdom,57772,5281,215,52276,35,67886000,42328.9,10,2.5,770.0556816,5.99976E-11,0.003721526,0.03911936
88317,4/5/2020,United Kingdom,61422,5882,229,55311,36,67886000,42328.9,10,2.5,814.762985,5.37666E-11,0.003728306,0.037473409
88318,4/6/2020,United Kingdom,66738,6452,287,59999,37,67886000,42328.9,10,2.5,883.8199334,7.83078E-11,0.004300399,0.042587921
88319,4/7/2020,United Kingdom,72224,7557,325,64342,38,67886000,42328.9,10,2.5,947.7948325,8.08119E-11,0.004499889,0.04123319
88320,4/8/2020,United Kingdom,77387,8589,345,68453,39,67886000,42328.9,10,2.5,1008.352238,7.6054E-11,0.004458113,0.038616521
88321,4/9/2020,United Kingdom,82293,9706,359,72228,40,67886000,42328.9,10,2.5,1063.960169,7.22682E-11,0.004362461,0.035668157
88322,4/10/2020,United Kingdom,86660,10829,588,75243,41,67886000,42328.9,10,2.5,1108.37286,6.43284E-11,0.006785137,0.051502146
88323,4/11/2020,United Kingdom,90273,11673,622,77978,42,67886000,42328.9,10,2.5,1148.66099,5.32216E-11,0.006890211,0.050589671
88324,4/12/2020,United Kingdom,93812,12330,626,80856,43,67886000,42328.9,10,2.5,1191.055593,5.21315E-11,0.00667292,0.048317382
88325,4/13/2020,United Kingdom,98017,13055,304,84658,44,67886000,42328.9,10,2.5,1247.06125,6.19421E-11,0.003101503,0.022756194
88326,4/14/2020,United Kingdom,102365,14135,323,87907,45,67886000,42328.9,10,2.5,1294.920897,6.40486E-11,0.003155375,0.022340573
88327,4/15/2020,United Kingdom,107465,15019,368,92078,46,67886000,42328.9,10,2.5,1356.362137,7.51259E-11,0.003424371,0.023916293
88328,4/16/2020,United Kingdom,112808,16059,375,96374,47,67886000,42328.9,10,2.5,1419.644698,7.87055E-11,0.003324232,0.022818547
88329,4/17/2020,United Kingdom,117798,16973,394,100431,48,67886000,42328.9,10,2.5,1479.406652,7.35056E-11,0.003344709,0.022686705
88330,4/18/2020,United Kingdom,122534,18081,414,104039,49,67886000,42328.9,10,2.5,1532.554577,6.9764E-11,0.003378654,0.022384428
88331,4/19/2020,United Kingdom,126394,18514,436,107444,50,67886000,42328.9,10,2.5,1582.712194,5.686E-11,0.003449531,0.023007916
88332,4/20/2020,United Kingdom,131260,19090,446,111724,51,67886000,42328.9,10,2.5,1645.759067,7.1679E-11,0.003397836,0.022829648
88333,4/21/2020,United Kingdom,136035,20314,638,115083,52,67886000,42328.9,10,2.5,1695.239077,7.03385E-11,0.004689969,0.030450554
88334,4/22/2020,United Kingdom,141540,21171,683,119686,53,67886000,42328.9,10,2.5,1763.043927,8.10918E-11,0.004825491,0.03125286
88335,4/23/2020,United Kingdom,146708,21855,712,124141,54,67886000,42328.9,10,2.5,1828.66865,7.61276E-11,0.004853178,0.031550494
88336,4/24/2020,United Kingdom,151689,22873,724,128092,55,67886000,42328.9,10,2.5,1886.869163,7.3373E-11,0.004772924,0.030681866
88337,4/25/2020,United Kingdom,155453,23689,774,130990,56,67886000,42328.9,10,2.5,1929.558377,5.54459E-11,0.004978997,0.031639619
88338,4/26/2020,United Kingdom,158926,24053,778,134095,57,67886000,42328.9,10,2.5,1975.296821,5.11593E-11,0.00489536,0.031331803
88339,4/27/2020,United Kingdom,163630,24376,807,138447,58,67886000,42328.9,10,2.5,2039.404295,6.92926E-11,0.004931858,0.032045427
88340,4/28/2020,United Kingdom,168357,25347,813,142197,59,67886000,42328.9,10,2.5,2094.643962,6.96314E-11,0.004829024,0.031077982
88341,4/29/2020,United Kingdom,173807,26118,857,146832,60,67886000,42328.9,10,2.5,2162.92019,8.02816E-11,0.004930757,0.031770158
88342,4/30/2020,United Kingdom,178771,26754,859,151158,61,67886000,42328.9,10,2.5,2226.644669,7.31226E-11,0.00480503,0.031108536
88343,5/1/2020,United Kingdom,183501,27454,892,155155,62,67886000,42328.9,10,2.5,2285.522788,6.96756E-11,0.004861009,0.031468285
88344,5/2/2020,United Kingdom,186731,28039,896,157796,63,67886000,42328.9,10,2.5,2324.426244,4.75798E-11,0.004798346,0.030965958
88345,5/3/2020,United Kingdom,189708,28292,901,160515,64,67886000,42328.9,10,2.5,2364.478685,4.38529E-11,0.004749404,0.030863563
88346,5/4/2020,United Kingdom,193091,28565,910,163616,65,67886000,42328.9,10,2.5,2410.158206,4.98335E-11,0.004712804,0.030873622
88347,5/5/2020,United Kingdom,196780,29290,926,166564,66,67886000,42328.9,10,2.5,2453.58395,5.43411E-11,0.004705763,0.030646015
88348,5/6/2020,United Kingdom,200616,29937,934,169745,67,67886000,42328.9,10,2.5,2500.441917,5.65065E-11,0.004655661,0.030254932
88349,5/7/2020,United Kingdom,204387,30395,970,173022,68,67886000,42328.9,10,2.5,2548.714021,5.5549E-11,0.004745899,0.030926192
88350,5/8/2020,United Kingdom,207439,30975,997,175467,69,67886000,42328.9,10,2.5,2584.730283,4.49577E-11,0.004806232,0.031183536
88351,5/9/2020,United Kingdom,209589,31250,1001,177338,70,67886000,42328.9,10,2.5,2612.291194,3.16707E-11,0.004776014,0.031037797
88352,5/10/2020,United Kingdom,211911,31467,1002,179442,71,67886000,42328.9,10,2.5,2643.28433,3.42044E-11,0.0047284,0.030860205
88353,5/11/2020,United Kingdom,215500,31655,1015,182830,72,67886000,42328.9,10,2.5,2693.191527,5.2868E-11,0.004709977,0.031068258
88354,5/12/2020,United Kingdom,218895,32270,1023,185602,73,67886000,42328.9,10,2.5,2734.024688,5.00103E-11,0.004673474,0.03072718
88355,5/13/2020,United Kingdom,222195,32718,1032,188445,74,67886000,42328.9,10,2.5,2775.903721,4.86109E-11,0.004644569,0.030577778
88356,5/14/2020,United Kingdom,224813,33071,1043,190699,75,67886000,42328.9,10,2.5,2809.106443,3.85647E-11,0.004639411,0.030573958
88357,5/15/2020,United Kingdom,227334,33422,1047,192865,76,67886000,42328.9,10,2.5,2841.012875,3.71358E-11,0.004605558,0.03037512
88358,5/16/2020,United Kingdom,229406,33833,1058,194515,77,67886000,42328.9,10,2.5,2865.318328,3.05218E-11,0.004611911,0.030323006
88359,5/17/2020,United Kingdom,231232,33900,1058,196274,78,67886000,42328.9,10,2.5,2891.229414,2.6898E-11,0.004575491,0.030264889
88360,5/18/2020,United Kingdom,233809,34046,1090,198673,79,67886000,42328.9,10,2.5,2926.56807,3.79607E-11,0.004661925,0.031022313
88361,5/19/2020,United Kingdom,236867,34547,1099,201221,80,67886000,42328.9,10,2.5,2964.101582,4.50461E-11,0.004639735,0.030830949
88362,5/20/2020,United Kingdom,239579,34876,1116,203587,81,67886000,42328.9,10,2.5,2998.954129,3.99493E-11,0.004658171,0.03100689
88363,5/21/2020,United Kingdom,242133,35149,1134,205850,82,67886000,42328.9,10,2.5,3032.289426,3.76219E-11,0.004683376,0.031254306
88364,5/22/2020,United Kingdom,244174,35440,1142,207592,83,67886000,42328.9,10,2.5,3057.950093,3.00651E-11,0.004676993,0.031217539
88365,5/23/2020,United Kingdom,245682,35660,1149,208873,84,67886000,42328.9,10,2.5,3076.819963,2.22137E-11,0.004676777,0.031215192
88366,5/24/2020,United Kingdom,247037,36039,1151,209847,85,67886000,42328.9,10,2.5,3091.167546,1.99599E-11,0.004659221,0.03094918
88367,5/25/2020,United Kingdom,248650,36143,1161,211346,86,67886000,42328.9,10,2.5,3113.248682,2.37604E-11,0.004669214,0.031122668
88368,5/26/2020,United Kingdom,250309,36274,1161,212874,87,67886000,42328.9,10,2.5,3135.757004,2.4438E-11,0.004638267,0.031013757
88369,5/27/2020,United Kingdom,252118,36696,1166,214256,88,67886000,42328.9,10,2.5,3156.114663,2.66476E-11,0.004624819,0.030796049
88370,5/28/2020,United Kingdom,253854,37039,1167,215648,89,67886000,42328.9,10,2.5,3176.619627,2.55723E-11,0.004597131,0.030544941
88371,5/29/2020,United Kingdom,255362,37313,1172,216877,90,67886000,42328.9,10,2.5,3194.723507,2.22137E-11,0.004589563,0.030453423
88372,5/30/2020,United Kingdom,256469,37467,1187,217815,91,67886000,42328.9,10,2.5,3208.540789,1.63067E-11,0.00462824,0.030708335
88373,5/31/2020,United Kingdom,257539,37527,1190,218822,92,67886000,42328.9,10,2.5,3223.374481,1.57617E-11,0.004620659,0.030735852
88374,6/1/2020,United Kingdom,258983,37613,1221,220149,93,67886000,42328.9,10,2.5,3242.921957,2.1271E-11,0.004714595,0.03144152
88375,6/2/2020,United Kingdom,260453,37863,1224,221366,94,67886000,42328.9,10,2.5,3260.849071,2.16539E-11,0.004699504,0.031314759
88376,6/3/2020,United Kingdom,261802,38117,1212,222473,95,67886000,42328.9,10,2.5,3277.15582,1.98715E-11,0.004629453,0.030816954
88377,6/4/2020,United Kingdom,263040,38247,1219,223574,96,67886000,42328.9,10,2.5,3293.374186,1.82365E-11,0.004634276,0.030887346
88378,6/5/2020,United Kingdom,264150,38505,1228,224417,97,67886000,42328.9,10,2.5,3305.792063,1.63509E-11,0.004648874,0.0309063
88379,6/6/2020,United Kingdom,264944,38648,1230,225066,98,67886000,42328.9,10,2.5,3315.352208,1.16961E-11,0.00464249,0.030844074
88380,6/7/2020,United Kingdom,265662,38702,1239,225721,99,67886000,42328.9,10,2.5,3325.000737,1.05766E-11,0.004663821,0.031020756
88381,6/8/2020,United Kingdom,266756,38749,1255,226752,100,67886000,42328.9,10,2.5,3340.187962,1.61153E-11,0.004704674,0.031371863
88382,6/9/2020,United Kingdom,267915,38946,1257,227712,101,67886000,42328.9,10,2.5,3354.329317,1.70727E-11,0.004691787,0.031266323
88383,6/10/2020,United Kingdom,269101,39110,1269,228722,102,67886000,42328.9,10,2.5,3369.2072,1.74705E-11,0.004715702,0.031427227
88384,6/11/2020,United Kingdom,270108,39186,1278,229644,103,67886000,42328.9,10,2.5,3382.788793,1.48337E-11,0.004731441,0.03158363
88385,6/12/2020,United Kingdom,271162,39317,1282,230563,104,67886000,42328.9,10,2.5,3396.326194,1.5526E-11,0.004727801,0.031577132
88386,6/13/2020,United Kingdom,272050,39424,1283,231343,105,67886000,42328.9,10,2.5,3407.816045,1.30808E-11,0.004716045,0.031517921
88387,6/14/2020,United Kingdom,272857,39451,1283,232123,106,67886000,42328.9,10,2.5,3419.305895,1.18876E-11,0.004702097,0.03149703
88388,6/15/2020,United Kingdom,273888,39480,1284,233124,107,67886000,42328.9,10,2.5,3434.051203,1.51872E-11,0.004688048,0.031498381
88389,6/16/2020,United Kingdom,274971,39600,1293,234078,108,67886000,42328.9,10,2.5,3448.104175,1.59532E-11,0.004702314,0.031619104
88390,6/17/2020,United Kingdom,275970,39710,1304,234956,109,67886000,42328.9,10,2.5,3461.037622,1.47158E-11,0.004725151,0.031794022
88391,6/18/2020,United Kingdom,276990,39777,1313,235900,110,67886000,42328.9,10,2.5,3474.943287,1.50252E-11,0.004740243,0.031954247
88392,6/19/2020,United Kingdom,277974,39861,1319,236794,111,67886000,42328.9,10,2.5,3488.112424,1.44949E-11,0.004745048,0.032030112
88393,6/20/2020,United Kingdom,278640,39932,1319,237389,112,67886000,42328.9,10,2.5,3496.877118,9.81056E-12,0.004733707,0.031974982
88394,6/21/2020,United Kingdom,279264,39963,1319,237982,113,67886000,42328.9,10,2.5,3505.61235,9.19188E-12,0.004723129,0.031950971
88395,6/22/2020,United Kingdom,280156,39976,1322,238858,114,67886000,42328.9,10,2.5,3518.516336,1.31397E-11,0.0047188,0.032011235
88396,6/23/2020,United Kingdom,281038,40070,1330,239638,115,67886000,42328.9,10,2.5,3530.006187,1.29924E-11,0.004732456,0.032125604
88397,6/24/2020,United Kingdom,281815,40157,1345,240313,116,67886000,42328.9,10,2.5,3539.949327,1.14457E-11,0.004772635,0.032408077
88398,6/25/2020,United Kingdom,282512,40256,1361,240895,117,67886000,42328.9,10,2.5,3548.522523,1.02672E-11,0.004817494,0.032702982
88399,6/26/2020,United Kingdom,283151,40333,1363,241455,118,67886000,42328.9,10,2.5,3556.771647,9.41284E-12,0.004813686,0.032688987
88400,6/27/2020,United Kingdom,283785,40373,1364,242048,119,67886000,42328.9,10,2.5,3565.506879,9.33919E-12,0.004806456,0.032680835
88401,6/28/2020,United Kingdom,284192,40404,1364,242424,120,67886000,42328.9,10,2.5,3571.045576,5.99535E-12,0.004799572,0.032656579
88402,6/29/2020,United Kingdom,284812,40425,1368,243019,121,67886000,42328.9,10,2.5,3579.81027,9.13296E-12,0.004803168,0.032732754
88403,6/30/2020,United Kingdom,285216,40479,1370,243367,122,67886000,42328.9,10,2.5,3584.936511,5.95115E-12,0.004803377,0.032736744
88404,7/1/2020,United Kingdom,285279,40576,1372,243331,123,67886000,42328.9,10,2.5,3584.40621,9.28026E-13,0.004809327,0.032707161
88405,7/2/2020,United Kingdom,285285,40617,1373,243295,124,67886000,42328.9,10,2.5,3583.87591,8.83835E-14,0.004812731,0.032698261
88406,7/3/2020,United Kingdom,285787,40666,1375,243746,125,67886000,42328.9,10,2.5,3590.5194,7.39475E-12,0.004811276,0.032706168
88407,7/4/2020,United Kingdom,286412,40698,1375,244339,126,67886000,42328.9,10,2.5,3599.254633,9.20661E-12,0.004800777,0.032681292
88408,7/5/2020,United Kingdom,286931,40717,1375,244839,127,67886000,42328.9,10,2.5,3606.619922,7.64517E-12,0.004792093,0.03266654
88409,7/6/2020,United Kingdom,287290,40728,1375,245187,128,67886000,42328.9,10,2.5,3611.746163,5.28828E-12,0.004786105,0.032658005
88410,7/7/2020,United Kingdom,287874,40782,1375,245717,129,67886000,42328.9,10,2.5,3619.553369,8.60266E-12,0.004776395,0.032616173
88411,7/8/2020,United Kingdom,288511,40839,1378,246294,130,67886000,42328.9,10,2.5,3628.052912,9.38338E-12,0.004776248,0.032640879
88412,7/9/2020,United Kingdom,289154,40870,1378,246906,131,67886000,42328.9,10,2.5,3637.068026,9.47176E-12,0.004765627,0.032616929
88413,7/10/2020,United Kingdom,289678,40904,1378,247396,132,67886000,42328.9,10,2.5,3644.286009,7.71882E-12,0.004757006,0.032590701
88414,7/11/2020,United Kingdom,290504,40921,1378,248205,133,67886000,42328.9,10,2.5,3656.203046,1.21675E-11,0.00474348,0.032577602
88415,7/12/2020,United Kingdom,291154,40930,1378,248846,134,67886000,42328.9,10,2.5,3665.645347,9.57488E-12,0.00473289,0.032570672
88416,7/13/2020,United Kingdom,291691,40940,1384,249367,135,67886000,42328.9,10,2.5,3673.319978,7.91032E-12,0.004744747,0.032700123
88417,7/14/2020,United Kingdom,292931,40984,1385,250562,136,67886000,42328.9,10,2.5,3690.923018,1.82659E-11,0.004728076,0.032688994
88418,7/15/2020,United Kingdom,293469,41010,1386,251073,137,67886000,42328.9,10,2.5,3698.450343,7.92505E-12,0.004722816,0.032691763
88419,7/16/2020,United Kingdom,294116,41034,1403,251679,138,67886000,42328.9,10,2.5,3707.377073,9.53068E-12,0.004770227,0.033060772
88420,7/17/2020,United Kingdom,294803,41060,1403,252340,139,67886000,42328.9,10,2.5,3717.113985,1.01199E-11,0.00475911,0.033040529
88421,7/18/2020,United Kingdom,295632,41069,1413,253150,140,67886000,42328.9,10,2.5,3729.045753,1.22116E-11,0.004779591,0.033261146
88422,7/19/2020,United Kingdom,296358,41080,1413,253865,141,67886000,42328.9,10,2.5,3739.578116,1.06944E-11,0.004767882,0.033252536
88423,7/20/2020,United Kingdom,296944,41090,1413,254441,142,67886000,42328.9,10,2.5,3748.062929,8.63212E-12,0.004758473,0.033244712
88424,7/21/2020,United Kingdom,297389,41115,1414,254860,143,67886000,42328.9,10,2.5,3754.235041,6.55511E-12,0.004754715,0.033247901
88425,7/22/2020,United Kingdom,297952,41132,1416,255404,144,67886000,42328.9,10,2.5,3762.248475,8.29332E-12,0.004752443,0.03328006
88426,7/23/2020,United Kingdom,298731,41141,1425,256165,145,67886000,42328.9,10,2.5,3773.458445,1.14751E-11,0.004770178,0.033477423
88427,7/24/2020,United Kingdom,299500,41173,1425,256902,146,67886000,42328.9,10,2.5,3784.314881,1.13278E-11,0.00475793,0.033452275
88428,7/25/2020,United Kingdom,300270,41188,1427,257655,147,67886000,42328.9,10,2.5,3795.407006,1.13425E-11,0.00475239,0.033485862
88429,7/26/2020,United Kingdom,301020,41196,1434,258390,148,67886000,42328.9,10,2.5,3806.23398,1.10479E-11,0.004763803,0.033638283
88430,7/27/2020,United Kingdom,301708,41199,1437,259072,149,67886000,42328.9,10,2.5,3816.280235,1.01346E-11,0.004762883,0.033703912
88431,7/28/2020,United Kingdom,302261,41220,1438,259603,150,67886000,42328.9,10,2.5,3824.102171,8.14601E-12,0.004757478,0.033709972
88432,7/29/2020,United Kingdom,303063,41254,1438,260371,151,67886000,42328.9,10,2.5,3835.415255,1.18139E-11,0.004744888,0.033683126
88433,7/30/2020,United Kingdom,303910,41254,1438,261218,152,67886000,42328.9,10,2.5,3847.892054,1.24768E-11,0.004731664,0.033683126
88434,7/31/2020,United Kingdom,304793,41274,1439,262080,153,67886000,42328.9,10,2.5,3860.589812,1.30071E-11,0.004721237,0.033689977
88435,8/1/2020,United Kingdom,305562,41287,1441,262834,154,67886000,42328.9,10,2.5,3871.696668,1.13278E-11,0.004715901,0.033724958
88436,8/2/2020,United Kingdom,306309,41292,1444,263573,155,67886000,42328.9,10,2.5,3882.582565,1.10037E-11,0.004714194,0.033788843
88437,8/3/2020,United Kingdom,307251,41293,1445,264513,156,67886000,42328.9,10,2.5,3896.429308,1.38762E-11,0.004702995,0.03381066
88438,8/4/2020,United Kingdom,307926,41311,1445,265170,157,67886000,42328.9,10,2.5,3906.107298,9.94314E-12,0.004692686,0.033796426
88439,8/5/2020,United Kingdom,308832,41325,1446,266061,158,67886000,42328.9,10,2.5,3919.232242,1.33459E-11,0.004682157,0.033807954
88440,8/6/2020,United Kingdom,309796,41343,1447,267006,159,67886000,42328.9,10,2.5,3933.152638,1.42003E-11,0.004670816,0.033816312
88441,8/7/2020,United Kingdom,310696,41355,1447,267894,160,67886000,42328.9,10,2.5,3946.233391,1.32575E-11,0.004657286,0.033806831
88442,8/8/2020,United Kingdom,311461,41358,1449,268654,161,67886000,42328.9,10,2.5,3957.42863,1.12689E-11,0.004652268,0.033849604
88443,8/9/2020,United Kingdom,312574,41363,1451,269760,162,67886000,42328.9,10,2.5,3973.720649,1.63951E-11,0.004642101,0.033890783
88444,8/10/2020,United Kingdom,313392,41381,1463,270548,163,67886000,42328.9,10,2.5,3985.328345,1.20496E-11,0.004668275,0.034147138
88445,8/11/2020,United Kingdom,314542,41394,1464,271684,164,67886000,42328.9,10,2.5,4002.062281,1.69402E-11,0.004654386,0.034159317
88446,8/12/2020,United Kingdom,315581,41414,1472,272695,165,67886000,42328.9,10,2.5,4016.954895,1.53051E-11,0.004664413,0.034323555
88447,8/13/2020,United Kingdom,316729,41432,1479,273818,166,67886000,42328.9,10,2.5,4033.497334,1.69107E-11,0.004669607,0.034466687
88448,8/14/2020,United Kingdom,318190,41443,1481,275266,167,67886000,42328.9,10,2.5,4054.82721,2.15214E-11,0.004654452,0.034502842
88449,8/15/2020,United Kingdom,319232,41446,1486,276300,168,67886000,42328.9,10,2.5,4070.058628,1.53493E-11,0.004654922,0.034612876
88450,8/16/2020,United Kingdom,320343,41451,1486,277406,169,67886000,42328.9,10,2.5,4086.350647,1.63657E-11,0.004638778,0.034608846
88451,8/17/2020,United Kingdom,321064,41454,1490,278120,170,67886000,42328.9,10,2.5,4096.868279,1.06207E-11,0.004640819,0.034696349
88452,8/18/2020,United Kingdom,322177,41466,1493,279218,171,67886000,42328.9,10,2.5,4113.042454,1.63951E-11,0.004634099,0.034754068
88453,8/19/2020,United Kingdom,323008,41483,1495,280030,172,67886000,42328.9,10,2.5,4125.003683,1.22411E-11,0.004628368,0.034785239
88454,8/20/2020,United Kingdom,324203,41489,1544,281170,173,67886000,42328.9,10,2.5,4141.796541,1.7603E-11,0.004762448,0.035879441
88455,8/21/2020,United Kingdom,325263,41491,1544,282228,174,67886000,42328.9,10,2.5,4157.381493,1.56144E-11,0.004746928,0.035877774
88456,8/22/2020,United Kingdom,326595,41509,1547,283539,175,67886000,42328.9,10,2.5,4176.69328,1.96211E-11,0.004736753,0.035929952
88457,8/23/2020,United Kingdom,327643,41515,1547,284581,176,67886000,42328.9,10,2.5,4192.042542,1.54376E-11,0.004721602,0.035924945
88458,8/24/2020,United Kingdom,328620,41519,1550,285551,177,67886000,42328.9,10,2.5,4206.331202,1.43918E-11,0.004716694,0.035988762
88459,8/25/2020,United Kingdom,329821,41535,1551,286735,178,67886000,42328.9,10,2.5,4223.772206,1.76914E-11,0.004702551,0.035997772
88460,8/26/2020,United Kingdom,330967,41552,1551,287864,179,67886000,42328.9,10,2.5,4240.403029,1.68812E-11,0.004686268,0.035983574
88461,8/27/2020,United Kingdom,332509,41564,1564,289381,180,67886000,42328.9,10,2.5,4262.749315,2.27146E-11,0.004703632,0.036264144
88462,8/28/2020,United Kingdom,333806,41573,1615,290618,181,67886000,42328.9,10,2.5,4280.97104,1.91056E-11,0.00483814,0.037394647
88463,8/29/2020,United Kingdom,334916,41585,1622,291709,182,67886000,42328.9,10,2.5,4297.0421,1.63509E-11,0.004843005,0.037540213
88464,8/30/2020,United Kingdom,336668,41586,1624,293458,183,67886000,42328.9,10,2.5,4322.80588,2.5808E-11,0.004823743,0.037583893
88465,8/31/2020,United Kingdom,338083,41589,1682,294812,184,67886000,42328.9,10,2.5,4342.751083,2.08438E-11,0.00497511,0.038871299
