"","date","Country","cases_total","cases_recovered","cases_fatal","cases_active","day","Population","GDP_per_Capita","health_exp_percgdp","Hosp_beds","PP","Haz"
"82283",2020-03-08,"US",519,7,21,491,2,331000000,65297.5,16.89,2.9,1.4833836858006,0.000000000000350453172205988
"82284",2020-03-09,"US",594,7,22,565,3,331000000,65297.5,16.89,2.9,1.70694864048338,0.00000000000022658610271944
"82285",2020-03-10,"US",782,8,28,746,4,331000000,65297.5,16.89,2.9,2.25377643504532,0.000000000000567975830817052
"82286",2020-03-11,"US",1147,8,33,1106,5,331000000,65297.5,16.89,2.9,3.34138972809668,0.00000000000110271903323645
"82287",2020-03-12,"US",1586,12,43,1531,6,331000000,65297.5,16.89,2.9,4.62537764350453,0.00000000000132628398792176
"82288",2020-03-13,"US",2219,12,51,2156,7,331000000,65297.5,16.89,2.9,6.51359516616314,0.00000000000191238670696146
"82289",2020-03-14,"US",2978,12,58,2908,8,331000000,65297.5,16.89,2.9,8.78549848942598,0.00000000000229305135953725
"82290",2020-03-15,"US",3212,12,70,3130,9,331000000,65297.5,16.89,2.9,9.45619335347432,0.000000000000706948640490244
"82291",2020-03-16,"US",4679,17,97,4565,10,331000000,65297.5,16.89,2.9,13.7915407854985,0.00000000000443202416924694
"82292",2020-03-17,"US",6512,17,134,6361,11,331000000,65297.5,16.89,2.9,19.2175226586103,0.00000000000553776435056212
"82293",2020-03-18,"US",9169,105,194,8870,12,331000000,65297.5,16.89,2.9,26.797583081571,0.00000000000802719033254864
"82294",2020-03-19,"US",13663,121,266,13276,13,331000000,65297.5,16.89,2.9,40.1087613293051,0.0000000000135770392754849
"82295",2020-03-20,"US",20030,147,372,19511,14,331000000,65297.5,16.89,2.9,58.9456193353474,0.0000000000192356495479918
"82296",2020-03-21,"US",26025,176,475,25374,15,331000000,65297.5,16.89,2.9,76.6586102719033,0.0000000000181117824787654
"82297",2020-03-22,"US",34898,178,596,34124,16,331000000,65297.5,16.89,2.9,103.093655589124,0.000000000026806646528506
"82298",2020-03-23,"US",46136,178,788,45170,17,331000000,65297.5,16.89,2.9,136.465256797583,0.0000000000339516616361522
"82299",2020-03-24,"US",56755,348,1031,55376,18,331000000,65297.5,16.89,2.9,167.299093655589,0.0000000000320815710024797
"82300",2020-03-25,"US",68837,361,1364,67112,19,331000000,65297.5,16.89,2.9,202.755287009063,0.0000000000365015105816092
"82301",2020-03-26,"US",86693,681,1783,84229,20,331000000,65297.5,16.89,2.9,254.468277945619,0.0000000000539456193494765
"82302",2020-03-27,"US",105383,869,2305,102209,21,331000000,65297.5,16.89,2.9,308.788519637462,0.0000000000564652568155604
"82303",2020-03-28,"US",125013,1072,2947,120994,22,331000000,65297.5,16.89,2.9,365.540785498489,0.0000000000593051359740602
"82304",2020-03-29,"US",143912,2665,3571,137676,23,331000000,65297.5,16.89,2.9,415.939577039275,0.0000000000570966767619846
"82305",2020-03-30,"US",165987,5644,4284,156059,24,331000000,65297.5,16.89,2.9,471.477341389728,0.0000000000666918429337462
"82306",2020-03-31,"US",192301,7024,5369,179908,25,331000000,65297.5,16.89,2.9,543.528700906344,0.0000000000794984894721681
"82307",2020-04-01,"US",224560,8474,6652,209434,26,331000000,65297.5,16.89,2.9,632.731117824773,0.0000000000974592145676297
"82308",2020-04-02,"US",256792,9001,8164,239627,27,331000000,65297.5,16.89,2.9,723.948640483384,0.000000000097377643580078
"82309",2020-04-03,"US",289087,9707,9595,269785,28,331000000,65297.5,16.89,2.9,815.060422960725,0.0000000000975679759160291
"82310",2020-04-04,"US",321477,14652,11158,295667,29,331000000,65297.5,16.89,2.9,893.253776435045,0.0000000000978549849892995
"82311",2020-04-05,"US",351354,17448,12773,321133,30,331000000,65297.5,16.89,2.9,970.190332326284,0.0000000000902628399749674
"82312",2020-04-06,"US",382747,19581,14544,348622,31,331000000,65297.5,16.89,2.9,1053.23867069486,0.000000000094842900411785
"82313",2020-04-07,"US",413516,21763,17119,374634,32,331000000,65297.5,16.89,2.9,1131.8247734139,0.0000000000929577040436239
"82314",2020-04-08,"US",444731,23559,19279,401893,33,331000000,65297.5,16.89,2.9,1214.17824773414,0.0000000000943051360783698
"82315",2020-04-09,"US",480667,25410,21482,433775,34,331000000,65297.5,16.89,2.9,1310.49848942598,0.000000000108567975988474
"82316",2020-04-10,"US",515081,28790,23676,462615,35,331000000,65297.5,16.89,2.9,1397.62839879154,0.000000000103969788681429
"82317",2020-04-11,"US",544183,31270,25803,487110,36,331000000,65297.5,16.89,2.9,1471.63141993958,0.0000000000879214502956053
"82318",2020-04-12,"US",571440,32988,27677,510775,37,331000000,65297.5,16.89,2.9,1543.12688821752,0.0000000000823474321663342
"82319",2020-04-13,"US",598380,43482,29686,525212,38,331000000,65297.5,16.89,2.9,1586.74320241692,0.0000000000813897282438126
"82320",2020-04-14,"US",627205,47763,32120,547322,39,331000000,65297.5,16.89,2.9,1653.54078549849,0.0000000000870845923100299
"82321",2020-04-15,"US",652611,52096,34732,565783,40,331000000,65297.5,16.89,2.9,1709.31419939577,0.0000000000767552871603968
"82322",2020-04-16,"US",682626,54703,36875,591048,41,331000000,65297.5,16.89,2.9,1785.64350453172,0.0000000000906797584951673
"82323",2020-04-17,"US",715656,58545,38985,618126,42,331000000,65297.5,16.89,2.9,1867.4501510574,0.0000000000997885198532153
"82324",2020-04-18,"US",743588,64840,40958,637790,43,331000000,65297.5,16.89,2.9,1926.8580060423,0.0000000000843867071382143
"82325",2020-04-19,"US",769684,70337,42929,656418,44,331000000,65297.5,16.89,2.9,1983.13595166163,0.0000000000788398793374072
"82326",2020-04-20,"US",799512,72329,45158,682025,45,331000000,65297.5,16.89,2.9,2060.49848942598,0.0000000000901148038430449
"82327",2020-04-21,"US",825429,75204,47672,702553,46,331000000,65297.5,16.89,2.9,2122.5166163142,0.000000000078299093850847
"82328",2020-04-22,"US",854288,77366,50132,726790,47,331000000,65297.5,16.89,2.9,2195.74018126888,0.0000000000871873114032721
"82329",2020-04-23,"US",887858,80203,52588,755067,48,331000000,65297.5,16.89,2.9,2281.16918429003,0.000000000101419939849083
"82330",2020-04-24,"US",920185,99079,54776,766330,49,331000000,65297.5,16.89,2.9,2315.19637462236,0.000000000097664652839485
"82331",2020-04-25,"US",950581,100372,56487,793722,50,331000000,65297.5,16.89,2.9,2397.95166163142,0.0000000000918308159736937
"82332",2020-04-26,"US",977082,106988,57886,812208,51,331000000,65297.5,16.89,2.9,2453.80060422961,0.0000000000800634443451014
"82333",2020-04-27,"US",1000785,111424,59394,829967,52,331000000,65297.5,16.89,2.9,2507.45317220544,0.0000000000716102721198383
"82334",2020-04-28,"US",1025362,115936,61618,847808,53,331000000,65297.5,16.89,2.9,2561.35347432024,0.0000000000742507555170208
"82335",2020-04-29,"US",1051800,120720,64036,867044,54,331000000,65297.5,16.89,2.9,2619.46827794562,0.0000000000798731120362856
"82336",2020-04-30,"US",1081020,153947,66231,860842,55,331000000,65297.5,16.89,2.9,2600.73111782477,0.0000000000882779459076442
"82337",2020-05-01,"US",1115946,164015,68140,883791,56,331000000,65297.5,16.89,2.9,2670.06344410876,0.000000000105516616669942
"82338",2020-05-02,"US",1143296,175382,69871,898043,57,331000000,65297.5,16.89,2.9,2713.12084592145,0.0000000000826283990769448
"82339",2020-05-03,"US",1167593,180152,71061,916380,58,331000000,65297.5,16.89,2.9,2768.51963746224,0.0000000000734048340957915
"82340",2020-05-04,"US",1191678,187180,72440,932058,59,331000000,65297.5,16.89,2.9,2815.88519637462,0.000000000072764350715141
"82341",2020-05-05,"US",1216209,189791,74682,951736,60,331000000,65297.5,16.89,2.9,2875.33534743202,0.0000000000741117827496538
"82342",2020-05-06,"US",1240769,189910,76996,973863,61,331000000,65297.5,16.89,2.9,2942.18429003021,0.0000000000741993960485327
"82343",2020-05-07,"US",1268180,195036,78925,994219,62,331000000,65297.5,16.89,2.9,3003.68277945619,0.0000000000828126891390374
"82344",2020-05-08,"US",1295019,198993,80688,1015338,63,331000000,65297.5,16.89,2.9,3067.48640483384,0.0000000000810845924622540
"82345",2020-05-09,"US",1320155,212534,82156,1025465,64,331000000,65297.5,16.89,2.9,3098.08157099698,0.0000000000759395773421511
"82346",2020-05-10,"US",1339022,216169,83134,1039719,65,331000000,65297.5,16.89,2.9,3141.14501510574,0.0000000000570000002305869
"82347",2020-05-11,"US",1358293,232733,84176,1041384,66,331000000,65297.5,16.89,2.9,3146.1752265861,0.0000000000582205440455606
"82348",2020-05-12,"US",1381241,230287,85774,1065180,67,331000000,65297.5,16.89,2.9,3218.0664652568,0.0000000000693293054252582
"82349",2020-05-13,"US",1401649,243430,87501,1070718,68,331000000,65297.5,16.89,2.9,3234.79758308157,0.0000000000616555893849532
"82350",2020-05-14,"US",1428467,246414,89297,1092756,69,331000000,65297.5,16.89,2.9,3301.37764350453,0.0000000000810211483859095
"82351",2020-05-15,"US",1453214,250747,90965,1111502,70,331000000,65297.5,16.89,2.9,3358.01208459215,0.0000000000747643507814157
"82352",2020-05-16,"US",1477373,268376,92163,1116834,71,331000000,65297.5,16.89,2.9,3374.12084592145,0.0000000000729879157336265
"82353",2020-05-17,"US",1495736,272265,92984,1130487,72,331000000,65297.5,16.89,2.9,3415.36858006042,0.0000000000554773416404213
"82354",2020-05-18,"US",1518126,283178,94211,1140737,73,331000000,65297.5,16.89,2.9,3446.33534743202,0.0000000000676435048419679
"82355",2020-05-19,"US",1539133,289392,95667,1154074,74,331000000,65297.5,16.89,2.9,3486.62839879154,0.0000000000634652570926933
"82356",2020-05-20,"US",1561830,294312,97168,1170350,75,331000000,65297.5,16.89,2.9,3535.80060422961,0.0000000000685709973024056
"82357",2020-05-21,"US",1587596,298418,98353,1190825,76,331000000,65297.5,16.89,2.9,3597.6586102719,0.0000000000778429006754776
"82358",2020-05-22,"US",1611253,350135,99570,1161548,77,331000000,65297.5,16.89,2.9,3509.2084592145,0.000000000071471299441566
"82359",2020-05-23,"US",1632364,361239,100659,1170466,78,331000000,65297.5,16.89,2.9,3536.15105740181,0.0000000000637794565078891
"82360",2020-05-24,"US",1652431,366736,101298,1184397,79,331000000,65297.5,16.89,2.9,3578.23867069486,0.0000000000606253779461609
"82361",2020-05-25,"US",1671104,379157,101890,1190057,80,331000000,65297.5,16.89,2.9,3595.33836858006,0.0000000000564138975657809
"82362",2020-05-26,"US",1690754,384902,102567,1203285,81,331000000,65297.5,16.89,2.9,3635.30211480363,0.0000000000593655592156271
"82363",2020-05-27,"US",1709303,391508,104029,1213766,82,331000000,65297.5,16.89,2.9,3666.9667673716,0.0000000000560392752138613
"82364",2020-05-28,"US",1731625,399991,105130,1226504,83,331000000,65297.5,16.89,2.9,3705.4501510574,0.0000000000674380668180587
"82365",2020-05-29,"US",1756098,406446,106263,1243389,84,331000000,65297.5,16.89,2.9,3756.46223564955,0.000000000073936556283504
"82366",2020-05-30,"US",1779731,416461,107217,1256053,85,331000000,65297.5,16.89,2.9,3794.72205438066,0.0000000000713987919246847
"82367",2020-05-31,"US",1798718,444758,107832,1246128,86,331000000,65297.5,16.89,2.9,3764.73716012085,0.0000000000573625380760696
"82368",2020-06-01,"US",1816154,458231,108608,1249315,87,331000000,65297.5,16.89,2.9,3774.36555891239,0.0000000000526767374491513
"82369",2020-06-02,"US",1837656,463868,109589,1264199,88,331000000,65297.5,16.89,2.9,3819.33232628399,0.0000000000649607254361797
"82370",2020-06-03,"US",1857511,479258,110599,1267654,89,331000000,65297.5,16.89,2.9,3829.77039274924,0.0000000000599848945964429
"82371",2020-06-04,"US",1879150,485002,111612,1282536,90,331000000,65297.5,16.89,2.9,3874.73111782477,0.0000000000653746227276396
"82372",2020-06-05,"US",1904550,491706,112503,1300341,91,331000000,65297.5,16.89,2.9,3928.52265861027,0.000000000076737160562386
"82373",2020-06-06,"US",1925710,500849,113145,1311716,92,331000000,65297.5,16.89,2.9,3962.88821752266,0.0000000000639274928190508
"82374",2020-06-07,"US",1943626,506367,113604,1323655,93,331000000,65297.5,16.89,2.9,3998.95770392749,0.0000000000541268885353548
"82375",2020-06-08,"US",1961263,518522,114111,1328630,94,331000000,65297.5,16.89,2.9,4013.98791540785,0.0000000000532839882311296
"82376",2020-06-09,"US",1979647,524855,115024,1339768,95,331000000,65297.5,16.89,2.9,4047.63746223565,0.0000000000555407858306681
"82377",2020-06-10,"US",2000757,533504,115900,1351353,96,331000000,65297.5,16.89,2.9,4082.63746223565,0.0000000000637764354308192
"82378",2020-06-11,"US",2023890,540292,116730,1366868,97,331000000,65297.5,16.89,2.9,4129.51057401813,0.0000000000698882179499881
"82379",2020-06-12,"US",2048756,547386,117559,1383811,98,331000000,65297.5,16.89,2.9,4180.69788519637,0.0000000000751238675344727
"82380",2020-06-13,"US",2073964,556606,118294,1399064,99,331000000,65297.5,16.89,2.9,4226.77945619335,0.0000000000761571001750667
"82381",2020-06-14,"US",2092912,561816,118639,1412457,100,331000000,65297.5,16.89,2.9,4267.2416918429,0.0000000000572447133528947
"65660",2020-03-17,"Russia",114,8,0,106,2,145934000,11585,5.32,7.1,0.726355749859526,0.0000000000001644579056287
"65661",2020-03-18,"Russia",147,8,0,139,3,145934000,11585,5.32,7.1,0.952485370098812,0.000000000000226129620239514
"65662",2020-03-19,"Russia",199,9,1,189,4,145934000,11585,5.32,7.1,1.295106006825,0.000000000000356325462195725
"65663",2020-03-20,"Russia",253,9,1,243,5,145934000,11585,5.32,7.1,1.66513629448929,0.000000000000370030287664928
"65664",2020-03-21,"Russia",306,12,1,293,6,145934000,11585,5.32,7.1,2.00775693121548,0.000000000000363177874930524
"65665",2020-03-22,"Russia",367,16,1,350,7,145934000,11585,5.32,7.1,2.39834445708334,0.000000000000417997176807005
"65666",2020-03-23,"Russia",438,16,1,421,8,145934000,11585,5.32,7.1,2.88486576123453,0.000000000000486521304152652
"65667",2020-03-24,"Russia",495,22,1,472,9,145934000,11585,5.32,7.1,3.23433881069525,0.000000000000390587525869183
"65668",2020-03-25,"Russia",658,29,3,626,10,145934000,11585,5.32,7.1,4.28961037181192,0.00000000000111694327573242
"65669",2020-03-26,"Russia",840,38,3,799,11,145934000,11585,5.32,7.1,5.47507777488454,0.00000000000124713911769051
"65670",2020-03-27,"Russia",1036,45,4,987,12,145934000,11585,5.32,7.1,6.76333136897502,0.0000000000013430728959762
"65671",2020-03-28,"Russia",1264,49,4,1211,13,145934000,11585,5.32,7.1,8.29827182150835,0.00000000000156235010348496
"65672",2020-03-29,"Russia",1534,64,8,1462,14,145934000,11585,5.32,7.1,10.0182274178738,0.00000000000185015143834088
"65673",2020-03-30,"Russia",1836,66,9,1761,15,145934000,11585,5.32,7.1,12.0670988254965,0.00000000000206942864585223
"65674",2020-03-31,"Russia",2337,121,17,2199,16,145934000,11585,5.32,7.1,15.0684556032179,0.00000000000343305878005141
"65675",2020-04-01,"Russia",2777,190,24,2563,17,145934000,11585,5.32,7.1,17.5627338385846,0.00000000000301506160324786
"65676",2020-04-02,"Russia",3548,235,30,3283,18,145934000,11585,5.32,7.1,22.4964710074417,0.00000000000528321021844632
"65677",2020-04-03,"Russia",4149,281,34,3834,19,145934000,11585,5.32,7.1,26.2721504241643,0.00000000000411830005356591
"65678",2020-04-04,"Russia",4731,333,43,4355,20,145934000,11585,5.32,7.1,29.8422574588513,0.00000000000398810421162216
"65679",2020-04-05,"Russia",5389,355,45,4989,21,145934000,11585,5.32,7.1,34.1866871325394,0.00000000000450888757948318
"65680",2020-04-06,"Russia",6343,406,47,5890,22,145934000,11585,5.32,7.1,40.3607110063453,0.00000000000653720174901987
"65681",2020-04-07,"Russia",7497,494,58,6945,23,145934000,11585,5.32,7.1,47.590006441268,0.00000000000790768429604673
"65682",2020-04-08,"Russia",8672,580,63,8029,24,145934000,11585,5.32,7.1,55.0180218454918,0.00000000000805158496354395
"65683",2020-04-09,"Russia",10131,698,76,9357,25,145934000,11585,5.32,7.1,64.1180259569394,0.00000000000999767018036432
"65684",2020-04-10,"Russia",11917,795,94,11028,26,145934000,11585,5.32,7.1,75.5684076363288,0.0000000000122384091448589
"65685",2020-04-11,"Russia",13584,1045,106,12433,27,145934000,11585,5.32,7.1,85.1960475283347,0.0000000000114229720295145
"65686",2020-04-12,"Russia",15770,1291,130,14349,28,145934000,11585,5.32,7.1,98.3252703276824,0.0000000000149793742392878
"65687",2020-04-13,"Russia",18328,1470,148,16710,29,145934000,11585,5.32,7.1,114.503816793893,0.0000000000175284717771134
"65688",2020-04-14,"Russia",21102,1694,170,19238,30,145934000,11585,5.32,7.1,131.826716186769,0.0000000000190085929283177
"65689",2020-04-15,"Russia",24490,1986,198,22306,31,145934000,11585,5.32,7.1,152.849918456288,0.0000000000232159743484627
"65690",2020-04-16,"Russia",27938,2304,232,25402,32,145934000,11585,5.32,7.1,174.064988282374,0.0000000000236271191131614
"65691",2020-04-17,"Russia",32008,2590,273,29145,33,145934000,11585,5.32,7.1,199.713569147697,0.000000000027889319835629
"65692",2020-04-18,"Russia",36793,3057,313,33423,34,145934000,11585,5.32,7.1,229.02819082599,0.0000000000327887949429632
"65693",2020-04-19,"Russia",42853,3291,361,39201,35,145934000,11585,5.32,7.1,268.621431606068,0.0000000000415256211834082
"65694",2020-04-20,"Russia",47121,3446,405,43270,36,145934000,11585,5.32,7.1,296.503899022846,0.000000000029246097560391
"65695",2020-04-21,"Russia",52763,3873,456,48434,37,145934000,11585,5.32,7.1,331.889758383927,0.0000000000386613126621616
"65696",2020-04-22,"Russia",57999,4420,513,53066,38,145934000,11585,5.32,7.1,363.630134170241,0.0000000000358792330922263
"65697",2020-04-23,"Russia",62773,4891,555,57327,39,145934000,11585,5.32,7.1,392.828264832047,0.0000000000327134184086883
"65698",2020-04-24,"Russia",68622,5568,615,62439,40,145934000,11585,5.32,7.1,427.857798730933,0.0000000000400797621030764
"65699",2020-04-25,"Russia",74588,6250,681,67657,41,145934000,11585,5.32,7.1,463.613688379678,0.000000000040881494395064
"65700",2020-04-26,"Russia",80949,6767,747,73435,42,145934000,11585,5.32,7.1,503.206929159757,0.0000000000435881974284843
"65701",2020-04-27,"Russia",87147,7346,794,79007,43,145934000,11585,5.32,7.1,541.388572916524,0.0000000000424712541539411
"65702",2020-04-28,"Russia",93558,8456,867,84235,44,145934000,11585,5.32,7.1,577.212986692614,0.0000000000439308180691962
"65703",2020-04-29,"Russia",99399,10286,972,88141,45,145934000,11585,5.32,7.1,603.978510833665,0.0000000000400249428096156
"65704",2020-04-30,"Russia",106498,11619,1073,93806,46,145934000,11585,5.32,7.1,642.797428974742,0.0000000000486452780378844
"65705",2020-05-01,"Russia",114431,13220,1169,100042,47,145934000,11585,5.32,7.1,685.529074787233,0.0000000000543601902656029
"65706",2020-05-02,"Russia",124054,15013,1222,107819,48,145934000,11585,5.32,7.1,738.820288623624,0.000000000065940767800377
"65707",2020-05-03,"Russia",134687,16639,1280,116768,49,145934000,11585,5.32,7.1,800.142530184878,0.0000000000728617046734382
"65708",2020-05-04,"Russia",145268,18095,1356,125817,50,145934000,11585,5.32,7.1,862.150013019584,0.0000000000725053792161711
"65709",2020-05-05,"Russia",155370,19865,1451,134054,51,145934000,11585,5.32,7.1,918.593336713857,0.0000000000692230735178587
"65710",2020-05-06,"Russia",165929,21327,1537,143065,52,145934000,11585,5.32,7.1,980.340427864651,0.0000000000723546261461053
"65711",2020-05-07,"Russia",177160,23803,1625,151732,53,145934000,11585,5.32,7.1,1039.73028903477,0.0000000000769594475148638
"65712",2020-05-08,"Russia",187859,26608,1723,159528,54,145934000,11585,5.32,7.1,1093.15169871312,0.0000000000733139639410465
"65713",2020-05-09,"Russia",198676,31916,1827,164933,55,145934000,11585,5.32,7.1,1130.18898954322,0.0000000000741225486502554
"65714",2020-05-10,"Russia",209688,34306,1915,173467,56,145934000,11585,5.32,7.1,1188.66747981964,0.0000000000754587691410007
"65715",2020-05-11,"Russia",221344,39801,2009,179534,57,145934000,11585,5.32,7.1,1230.24106788,0.0000000000798717229547544
"65716",2020-05-12,"Russia",232243,43512,2116,186615,58,145934000,11585,5.32,7.1,1278.76300245316,0.0000000000746844465124299
"65717",2020-05-13,"Russia",242271,48003,2212,192056,59,145934000,11585,5.32,7.1,1316.04698014171,0.0000000000687159950158832
"65718",2020-05-14,"Russia",252245,53530,2305,196410,60,145934000,11585,5.32,7.1,1345.88238518782,0.0000000000683459647322757
"65719",2020-05-15,"Russia",262843,58226,2418,202199,61,145934000,11585,5.32,7.1,1385.55100250798,0.0000000000726218702912834
"65720",2020-05-16,"Russia",272043,63166,2537,206340,62,145934000,11585,5.32,7.1,1413.92684364165,0.0000000000630421972751394
"65721",2020-05-17,"Russia",281752,67373,2631,211748,63,145934000,11585,5.32,7.1,1450.98469170995,0.0000000000665300753679402
"65722",2020-05-18,"Russia",290678,70209,2722,217747,64,145934000,11585,5.32,7.1,1492.09231570436,0.0000000000611646361901902
"65723",2020-05-19,"Russia",299941,76130,2837,220974,65,145934000,11585,5.32,7.1,1514.20505159867,0.0000000000634738992903534
"65724",2020-05-20,"Russia",308705,85392,2972,220341,66,145934000,11585,5.32,7.1,1509.86747433771,0.0000000000600545453324046
"65725",2020-05-21,"Russia",317554,92681,3099,221774,67,145934000,11585,5.32,7.1,1519.68698178629,0.0000000000606370004197481
"65726",2020-05-22,"Russia",326448,99825,3249,223374,68,145934000,11585,5.32,7.1,1530.65084216153,0.000000000060945358997187
"65727",2020-05-23,"Russia",335882,107936,3388,224558,69,145934000,11585,5.32,7.1,1538.7640988392,0.0000000000646456618862864
"65728",2020-05-24,"Russia",344481,113299,3541,227641,70,145934000,11585,5.32,7.1,1559.89008729974,0.0000000000589238972432618
"65729",2020-05-25,"Russia",353427,118798,3633,230996,71,145934000,11585,5.32,7.1,1582.87993202407,0.0000000000613016844715123
"65730",2020-05-26,"Russia",362342,131129,3807,227406,72,145934000,11585,5.32,7.1,1558.27977030713,0.0000000000610892596799595
"65731",2020-05-27,"Russia",370680,142208,3968,224504,73,145934000,11585,5.32,7.1,1538.39406855154,0.0000000000571354175255866
"65732",2020-05-28,"Russia",379051,150993,4142,223916,74,145934000,11585,5.32,7.1,1534.36484986364,0.0000000000573615471496906
"65733",2020-05-29,"Russia",387623,159257,4374,223992,75,145934000,11585,5.32,7.1,1534.88563323146,0.0000000000587388821163577
"65734",2020-05-30,"Russia",396575,167469,4555,224551,76,145934000,11585,5.32,7.1,1538.71613195006,0.0000000000613427989661561
"65735",2020-05-31,"Russia",405843,171883,4693,229267,77,145934000,11585,5.32,7.1,1571.03211040607,0.0000000000635081614001833
"65736",2020-06-01,"Russia",414328,175514,4849,233965,78,145934000,11585,5.32,7.1,1603.22474543287,0.0000000000581427222175104
"65737",2020-06-02,"Russia",423186,186602,5031,231553,79,145934000,11585,5.32,7.1,1586.6967259172,0.0000000000606986721784288
"65738",2020-06-03,"Russia",431715,195559,5208,230948,80,145934000,11585,5.32,7.1,1582.55101621281,0.0000000000584442283856487
"65739",2020-06-04,"Russia",440538,204197,5376,230965,81,145934000,11585,5.32,7.1,1582.6675072293,0.0000000000604588377392137
"65740",2020-06-05,"Russia",449256,212237,5520,231499,82,145934000,11585,5.32,7.1,1586.32669562953,0.0000000000597393344034855
"65741",2020-06-06,"Russia",458102,220935,5717,231450,83,145934000,11585,5.32,7.1,1585.99092740554,0.0000000000606164432398791
"65742",2020-06-07,"Russia",467073,226272,5851,234950,84,145934000,11585,5.32,7.1,1609.97437197637,0.0000000000614729948381623
"65743",2020-06-08,"Russia",476043,230226,5963,239854,85,145934000,11585,5.32,7.1,1643.57860402648,0.0000000000614661424291839
"65744",2020-06-09,"Russia",484630,241917,6134,236579,86,145934000,11585,5.32,7.1,1621.13695232091,0.0000000000588416683467625
"65745",2020-06-10,"Russia",493023,252295,6350,234378,87,145934000,11585,5.32,7.1,1606.05479189223,0.0000000000575123002751579
"65746",2020-06-11,"Russia",501800,260649,6522,234629,88,145934000,11585,5.32,7.1,1607.77474748859,0.0000000000601436267777219
"65747",2020-06-12,"Russia",510761,268862,6705,235194,89,145934000,11585,5.32,7.1,1611.6463606836,0.0000000000614044707289803
"65748",2020-06-13,"Russia",519458,274128,6819,238511,90,145934000,11585,5.32,7.1,1634.37581372401,0.0000000000595954337642861
"65749",2020-06-14,"Russia",528267,279536,6938,241793,91,145934000,11585,5.32,7.1,1656.86543231872,0.0000000000603629039969283
"65750",2020-06-15,"Russia",536484,284021,7081,245382,92,145934000,11585,5.32,7.1,1681.45874162293,0.000000000056306275646576
"65751",2020-06-16,"Russia",544725,293780,7274,243671,93,145934000,11585,5.32,7.1,1669.73426343416,0.0000000000564707335559981
"65752",2020-06-17,"Russia",552549,303800,7468,241281,94,145934000,11585,5.32,7.1,1653.35699699864,0.00000000005361327743791
"65753",2020-06-18,"Russia",560321,313409,7650,239262,95,145934000,11585,5.32,7.1,1639.52197568764,0.0000000000532569519772019
"65754",2020-06-19,"Russia",568292,323851,7831,236610,96,145934000,11585,5.32,7.1,1621.34937711568,0.0000000000546205821195913
"65755",2020-06-20,"Russia",576162,334024,7992,234146,97,145934000,11585,5.32,7.1,1604.46503213782,0.0000000000539284884336176
"65756",2020-06-21,"Russia",583879,339142,8101,236636,98,145934000,11585,5.32,7.1,1621.52753984678,0.0000000000528800692838925
"65757",2020-06-22,"Russia",591465,343847,8196,239422,99,145934000,11585,5.32,7.1,1640.61836172516,0.0000000000519824032147805
"65758",2020-06-23,"Russia",598878,355847,8349,234682,100,145934000,11585,5.32,7.1,1608.13792536352,0.0000000000507969358094835
"65759",2020-06-24,"Russia",606043,368222,8503,229318,101,145934000,11585,5.32,7.1,1571.38158345553,0.0000000000490975374467582
"65760",2020-06-25,"Russia",613148,374557,8594,229997,102,145934000,11585,5.32,7.1,1576.03437170228,0.0000000000486863926833498
"65761",2020-06-26,"Russia",619936,383524,8770,227642,103,145934000,11585,5.32,7.1,1559.89693971247,0.0000000000465141778395426
"65762",2020-06-27,"Russia",626779,392703,8958,225118,104,145934000,11585,5.32,7.1,1542.60144997053,0.0000000000468910605437412
"65763",2020-06-28,"Russia",633563,398436,9060,226067,105,145934000,11585,5.32,7.1,1549.1043896556,0.0000000000464867681928289
"65764",2020-06-29,"Russia",640246,402778,9152,228316,106,145934000,11585,5.32,7.1,1564.51546589554,0.0000000000457946745057345
"65765",2020-06-30,"Russia",646929,411973,9306,225650,107,145934000,11585,5.32,7.1,1546.2469335453,0.0000000000457946745078316
"65766",2020-07-01,"Russia",653479,422235,9521,221723,108,145934000,11585,5.32,7.1,1519.33750873683,0.0000000000448833036121144
"65767",2020-07-02,"Russia",660231,428276,9668,222287,109,145934000,11585,5.32,7.1,1523.2022695191,0.0000000000462674909928271
"65768",2020-07-03,"Russia",666941,437155,9844,219942,110,145934000,11585,5.32,7.1,1507.13336165664,0.0000000000459796896587892
"65769",2020-07-04,"Russia",673564,446127,10011,217426,111,145934000,11585,5.32,7.1,1489.89269121658,0.0000000000453835297502207
"65770",2020-07-05,"Russia",680283,449995,10145,220143,112,145934000,11585,5.32,7.1,1508.51069661628,0.0000000000460413613778911
"65771",2020-07-06,"Russia",686852,453570,10280,223002,113,145934000,11585,5.32,7.1,1528.10174462428,0.0000000000450134994649472
"65772",2020-07-07,"Russia",693215,463103,10478,219634,114,145934000,11585,5.32,7.1,1505.02281853441,0.0000000000436019024368927
"65773",2020-07-08,"Russia",699749,471718,10650,217381,115,145934000,11585,5.32,7.1,1489.58433264352,0.000000000044773665022067
"65774",2020-07-09,"Russia",706240,480494,10826,214920,116,145934000,11585,5.32,7.1,1472.72054490386,0.000000000044479011275048
"65775",2020-07-10,"Russia",712863,488234,11000,213629,117,145934000,11585,5.32,7.1,1463.87408006359,0.0000000000453835297624422
"65776",2020-07-11,"Russia",719449,496594,11188,211667,118,145934000,11585,5.32,7.1,1450.42964627845,0.000000000045129990492063
"65777",2020-07-12,"Russia",726036,500208,11318,214510,119,145934000,11585,5.32,7.1,1469.91105568271,0.0000000000451368429068687
"65778",2020-07-13,"Russia",732547,503168,11422,217957,120,145934000,11585,5.32,7.1,1493.53132237861,0.0000000000446160595384445
"65779",2020-07-14,"Russia",738787,511958,11597,215232,121,145934000,11585,5.32,7.1,1474.85849767703,0.0000000000427590556798953
"65780",2020-07-15,"Russia",745197,522375,11753,211069,122,145934000,11585,5.32,7.1,1446.33190346321,0.000000000043923965852591
"65781",2020-07-16,"Russia",751612,530801,11920,208891,123,145934000,11585,5.32,7.1,1431.40734852742,0.0000000000439582279183708
"65782",2020-07-17,"Russia",758001,538467,12106,207428,124,145934000,11585,5.32,7.1,1421.38226869681,0.0000000000437800651882723
"65783",2020-07-18,"Russia",764215,545909,12228,206078,125,145934000,11585,5.32,7.1,1412.1315115052,0.0000000000425808929553151
"65784",2020-07-19,"Russia",770311,549387,12323,208601,126,145934000,11585,5.32,7.1,1429.4201488344,0.0000000000417723082501519
"65785",2020-07-20,"Russia",776212,552644,12408,211160,127,145934000,11585,5.32,7.1,1446.95547302205,0.0000000000404360877615016
"65786",2020-07-21,"Russia",782040,561397,12561,208082,128,145934000,11585,5.32,7.1,1425.86374662519,0.0000000000399358616308156
"65787",2020-07-22,"Russia",787890,571049,12726,204115,129,145934000,11585,5.32,7.1,1398.68022530733,0.0000000000400866147133899
"65788",2020-07-23,"Russia",793720,579295,12873,201552,130,145934000,11585,5.32,7.1,1381.11749146875,0.0000000000399495664595555
"65789",2020-07-24,"Russia",799499,587728,13026,198745,131,145934000,11585,5.32,7.1,1361.88276892294,0.0000000000396000934097622
"65790",2020-07-25,"Russia",805332,596064,13172,196096,132,145934000,11585,5.32,7.1,1343.73072758918,0.0000000000399701237010513
"65791",2020-07-26,"Russia",811073,599172,13249,198652,133,145934000,11585,5.32,7.1,1361.24549453863,0.0000000000393397017275438
"65792",2020-07-27,"Russia",816680,602249,13334,201097,134,145934000,11585,5.32,7.1,1377.99964367454,0.0000000000384214784174905
"65793",2020-07-28,"Russia",822060,611109,13483,197468,135,145934000,11585,5.32,7.1,1353.13223786095,0.0000000000368659807194077
"65794",2020-07-29,"Russia",827509,619204,13650,194655,136,145934000,11585,5.32,7.1,1333.85640083874,0.0000000000373387972021475
"65795",2020-07-30,"Russia",832993,628482,13778,190733,137,145934000,11585,5.32,7.1,1306.98123809393,0.0000000000375786316506279
"65796",2020-07-31,"Russia",838461,637217,13939,187305,138,145934000,11585,5.32,7.1,1283.49116723999,0.0000000000374689930476537
"65797",2020-08-01,"Russia",843890,645316,14034,184540,139,145934000,11585,5.32,7.1,1264.54424602903,0.0000000000372017489508558
"65798",2020-08-02,"Russia",849277,648961,14104,186212,140,145934000,11585,5.32,7.1,1276.00148012115,0.0000000000369139476157041
"65799",2020-08-03,"Russia",854641,652372,14183,188086,141,145934000,11585,5.32,7.1,1288.84290158565,0.0000000000367563421232439
"65800",2020-08-04,"Russia",859762,660235,14327,185200,142,145934000,11585,5.32,7.1,1269.06683843381,0.0000000000350912058202344
"65801",2020-08-05,"Russia",864948,667769,14465,182714,143,145934000,11585,5.32,7.1,1252.03174037579,0.0000000000355366126518654
"65802",2020-08-06,"Russia",870187,675069,14579,180539,144,145934000,11585,5.32,7.1,1237.1277426782,0.0000000000358997905302365
"65803",2020-08-07,"Russia",875378,682278,14698,178402,145,145934000,11585,5.32,7.1,1222.48413666452,0.0000000000355708747182833
"65804",2020-08-08,"Russia",880563,688856,14827,176880,146,145934000,11585,5.32,7.1,1212.05476448257,0.0000000000355297602428919
"65805",2020-08-09,"Russia",885718,692059,14903,178756,147,145934000,11585,5.32,7.1,1224.90989077254,0.0000000000353241878608636
"65806",2020-08-10,"Russia",890799,695317,14973,180509,148,145934000,11585,5.32,7.1,1236.92217029616,0.0000000000348171093166435
"65807",2020-08-11,"Russia",895691,701796,15103,178792,149,145934000,11585,5.32,7.1,1225.15657763098,0.0000000000335220033030367
"65808",2020-08-12,"Russia",900745,708900,15231,176614,150,145934000,11585,5.32,7.1,1210.23202269519,0.0000000000346320941740423
"65809",2020-08-13,"Russia",905762,714934,15353,175475,151,145934000,11585,5.32,7.1,1202.42712459057,0.0000000000343785549024819
"65810",2020-08-14,"Russia",910778,721473,15467,173838,152,145934000,11585,5.32,7.1,1191.20972494415,0.0000000000343717024908862
"65811",2020-08-15,"Russia",915808,727895,15585,172328,153,145934000,11585,5.32,7.1,1180.86258171502,0.0000000000344676362709563
"65812",2020-08-16,"Russia",920719,731444,15653,173622,154,145934000,11585,5.32,7.1,1189.7296037935,0.0000000000336521991515632
"65813",2020-08-17,"Russia",925558,734573,15707,175278,155,145934000,11585,5.32,7.1,1201.07719928187,0.0000000000331588254326642
"65814",2020-08-18,"Russia",930276,741045,15836,173395,156,145934000,11585,5.32,7.1,1188.17410610276,0.0000000000323296834875733
"65815",2020-08-19,"Russia",935066,747802,15951,171313,157,145934000,11585,5.32,7.1,1173.90738278948,0.0000000000328230572086815
"65816",2020-08-20,"Russia",939833,753868,16058,169907,158,145934000,11585,5.32,7.1,1164.27289048474,0.0000000000326654517158446
"65817",2020-08-21,"Russia",944671,759639,16148,168884,159,145934000,11585,5.32,7.1,1157.26287225732,0.0000000000331519730242281
"65818",2020-08-22,"Russia",949531,765754,16268,167509,160,145934000,11585,5.32,7.1,1147.84080474735,0.0000000000333027261064726
"65819",2020-08-23,"Russia",954328,768906,16341,169081,161,145934000,11585,5.32,7.1,1158.61279756602,0.0000000000328710241024692
"65820",2020-08-24,"Russia",959016,771357,16406,171253,162,145934000,11585,5.32,7.1,1173.49623802541,0.0000000000321241111105536
"65821",2020-08-25,"Russia",963655,777960,16524,169171,163,145934000,11585,5.32,7.1,1159.22951471213,0.000000000031788342885366
"65822",2020-08-26,"Russia",968297,784277,16638,167382,164,145934000,11585,5.32,7.1,1146.97054833007,0.0000000000318089001247171
"65823",2020-08-27,"Russia",972972,790629,16758,165585,165,145934000,11585,5.32,7.1,1134.65676264613,0.000000000032035029747483
"65824",2020-08-28,"Russia",977730,796498,16866,164366,166,145934000,11585,5.32,7.1,1126.30367152274,0.0000000000326037800093035
"65825",2020-08-29,"Russia",982573,802365,16977,163231,167,145934000,11585,5.32,7.1,1118.52618306906,0.0000000000331862350967417
"65826",2020-08-30,"Russia",987470,804941,17045,165484,168,145934000,11585,5.32,7.1,1133.96466895994,0.0000000000335562653880234
"65827",2020-08-31,"Russia",992402,807339,17128,167935,169,145934000,11585,5.32,7.1,1150.75993257226,0.0000000000337960998364968
"65828",2020-09-01,"Russia",997072,813603,17250,166219,170,145934000,11585,5.32,7.1,1139.00119231982,0.0000000000320007676888667
"65829",2020-09-02,"Russia",1001965,819043,17365,165557,171,145934000,11585,5.32,7.1,1134.46489508956,0.0000000000335288557402301
"65830",2020-09-03,"Russia",1006923,824783,17479,164661,172,145934000,11585,5.32,7.1,1128.32513327943,0.0000000000339742625721865
"65831",2020-09-04,"Russia",1011987,830532,17598,163857,173,145934000,11585,5.32,7.1,1122.81579344087,0.0000000000347006183282619
"65832",2020-09-05,"Russia",1017131,835884,17707,163540,174,145934000,11585,5.32,7.1,1120.64357860403,0.0000000000352488113520678
"65833",2020-09-06,"Russia",1022228,838680,17768,165780,175,145934000,11585,5.32,7.1,1135.99298312936,0.0000000000349267479525203
"65834",2020-09-07,"Russia",1027334,840997,17818,168519,176,145934000,11585,5.32,7.1,1154.76174160922,0.0000000000349884196687872
"65835",2020-09-08,"Russia",1032354,847746,17939,166669,177,145934000,11585,5.32,7.1,1142.08477805035,0.0000000000343991121706529
"65836",2020-09-09,"Russia",1037526,854069,18080,165377,178,145934000,11585,5.32,7.1,1133.23146079735,0.0000000000354406789149247
"65837",2020-09-10,"Russia",1042836,859961,18207,164668,179,145934000,11585,5.32,7.1,1128.37310016857,0.000000000036386311880336
"65838",2020-09-11,"Russia",1048257,865646,18309,164302,180,145934000,11585,5.32,7.1,1125.86511710773,0.0000000000371469297006834
"65839",2020-09-12,"Russia",1053663,871000,18426,164237,181,145934000,11585,5.32,7.1,1125.41971027999,0.0000000000370441435102995
"65840",2020-09-13,"Russia",1059024,873684,18517,166823,182,145934000,11585,5.32,7.1,1143.14004961147,0.000000000036735784936369
"65841",2020-09-14,"Russia",1064438,876152,18573,169713,183,145934000,11585,5.32,7.1,1162.94352241424,0.0000000000370989628153107
"65842",2020-09-15,"Russia",1069873,881693,18723,169457,184,145934000,11585,5.32,7.1,1161.1893047542,0.0000000000372428634851723
"65843",2020-09-16,"Russia",1075485,887457,18853,169175,185,145934000,11585,5.32,7.1,1159.25692436307,0.0000000000384557405495537
"65844",2020-09-17,"Russia",1081152,893145,18996,169011,186,145934000,11585,5.32,7.1,1158.13312867461,0.000000000038832623254238
"65845",2020-09-18,"Russia",1086955,898420,19128,169407,187,145934000,11585,5.32,7.1,1160.84668411748,0.0000000000397645513946187
"65846",2020-09-19,"Russia",1092915,903545,19270,170100,188,145934000,11585,5.32,7.1,1165.5954061425,0.0000000000408403802036199
"65847",2020-09-20,"Russia",1098958,906431,19349,173178,189,145934000,11585,5.32,7.1,1186.68713253937,0.0000000000414091304665595
"65848",2020-09-21,"Russia",1105048,909026,19420,176602,190,145934000,11585,5.32,7.1,1210.14979374238,0.0000000000417311938692489
"65849",2020-09-22,"Russia",1111157,914923,19575,176659,191,145934000,11585,5.32,7.1,1210.54038126824,0.0000000000418613897139431
"65850",2020-09-23,"Russia",1117487,920602,19720,177165,192,145934000,11585,5.32,7.1,1214.00770211191,0.000000000043375772941685
"65851",2020-09-24,"Russia",1123976,926663,19867,177446,193,145934000,11585,5.32,7.1,1215.93323009031,0.0000000000444653065767946
"16634",2020-01-23,"China",643,30,18,595,2,1439000000,10216.6,5.35,4.3,0.413481584433634,0.0000000000000660180681028787
"16635",2020-01-24,"China",920,36,26,858,3,1439000000,10216.6,5.35,4.3,0.596247394023627,0.000000000000192494788047378
"16636",2020-01-25,"China",1406,39,42,1325,4,1439000000,10216.6,5.35,4.3,0.920778318276581,0.000000000000337734537873853
"16637",2020-01-26,"China",2075,49,56,1970,5,1439000000,10216.6,5.35,4.3,1.36900625434329,0.000000000000464906184851261
"16638",2020-01-27,"China",2877,58,82,2737,6,1439000000,10216.6,5.35,4.3,1.90201528839472,0.000000000000557331480195694
"16639",2020-01-28,"China",5509,101,131,5277,7,1439000000,10216.6,5.35,4.3,3.66712995135511,0.00000000000182904794997226
"16640",2020-01-29,"China",6087,120,133,5834,8,1439000000,10216.6,5.35,4.3,4.0542043085476,0.000000000000401667824880087
"16641",2020-01-30,"China",8141,135,171,7835,9,1439000000,10216.6,5.35,4.3,5.4447533009034,0.00000000000142738012509494
"16642",2020-01-31,"China",9802,214,213,9375,10,1439000000,10216.6,5.35,4.3,6.51494093120222,0.00000000000115427380125873
"16643",2020-02-01,"China",11891,275,259,11357,11,1439000000,10216.6,5.35,4.3,7.89228630993746,0.00000000000145170257124202
"16644",2020-02-02,"China",16630,463,361,15806,12,1439000000,10216.6,5.35,4.3,10.9840166782488,0.00000000000329325920782124
"16645",2020-02-03,"China",19716,614,425,18677,13,1439000000,10216.6,5.35,4.3,12.9791521890202,0.00000000000214454482282299
"16646",2020-02-04,"China",23707,843,491,22373,14,1439000000,10216.6,5.35,4.3,15.5476025017373,0.00000000000277345378739802
"16647",2020-02-05,"China",27440,1115,563,25762,15,1439000000,10216.6,5.35,4.3,17.9027102154274,0.00000000000259416261297511
"16648",2020-02-06,"China",30587,1477,633,28477,16,1439000000,10216.6,5.35,4.3,19.7894371091035,0.00000000000218693537183245
"16649",2020-02-07,"China",34110,1999,718,31393,17,1439000000,10216.6,5.35,4.3,21.8158443363447,0.00000000000244822793612475
"16650",2020-02-08,"China",36814,2596,805,33413,18,1439000000,10216.6,5.35,4.3,23.2195969423211,0.00000000000187908269636496
"16651",2020-02-09,"China",39829,3219,905,35705,19,1439000000,10216.6,5.35,4.3,24.8123697011814,0.00000000000209520500353263
"16652",2020-02-10,"China",42354,3918,1012,37424,20,1439000000,10216.6,5.35,4.3,26.0069492703266,0.00000000000175469075752211
"16653",2020-02-11,"China",44386,4636,1112,38638,21,1439000000,10216.6,5.35,4.3,26.8505906879778,0.00000000000141209173041187
"16654",2020-02-12,"China",44759,5082,1117,38560,22,1439000000,10216.6,5.35,4.3,26.7963863794302,0.000000000000259207783190828
"16655",2020-02-13,"China",59895,6217,1369,52309,23,1439000000,10216.6,5.35,4.3,36.3509381514941,0.0000000000105184155668033
"16656",2020-02-14,"China",66358,7977,1521,56860,24,1439000000,10216.6,5.35,4.3,39.5135510771369,0.00000000000449131341229884
"16657",2020-02-15,"China",68413,9298,1663,57452,25,1439000000,10216.6,5.35,4.3,39.9249478804726,0.00000000000142807505218742
"16658",2020-02-16,"China",70513,10755,1766,57992,26,1439000000,10216.6,5.35,4.3,40.3002084781098,0.00000000000145934676866081
"16659",2020-02-17,"China",72434,12462,1864,58108,27,1439000000,10216.6,5.35,4.3,40.3808200138985,0.00000000000133495482981007
"16660",2020-02-18,"China",74211,14206,2003,58002,28,1439000000,10216.6,5.35,4.3,40.3071577484364,0.0000000000012348853371033
"16661",2020-02-19,"China",74619,15962,2116,56541,29,1439000000,10216.6,5.35,4.3,39.2918693537179,0.000000000000283530229340623
"16662",2020-02-20,"China",75077,18014,2238,54825,30,1439000000,10216.6,5.35,4.3,38.0993745656706,0.000000000000318276580975605
"16663",2020-02-21,"China",75550,18704,2238,54608,31,1439000000,10216.6,5.35,4.3,37.948575399583,0.00000000000032870048646618
"16664",2020-02-22,"China",77001,22699,2443,51859,32,1439000000,10216.6,5.35,4.3,36.0382209867964,0.0000000000010083391244459
"16665",2020-02-23,"China",77022,23187,2445,51390,33,1439000000,10216.6,5.35,4.3,35.7123002084781,0.0000000000000145934676866741
"16666",2020-02-24,"China",77241,25015,2595,49631,34,1439000000,10216.6,5.35,4.3,34.4899235580264,0.000000000000152189020161053
"16667",2020-02-25,"China",77754,27676,2665,47413,35,1439000000,10216.6,5.35,4.3,32.948575399583,0.000000000000356497567774648
"16668",2020-02-26,"China",78166,30084,2717,45365,36,1439000000,10216.6,5.35,4.3,31.5253648366921,0.000000000000286309937472119
"16669",2020-02-27,"China",78600,32930,2746,42924,37,1439000000,10216.6,5.35,4.3,29.8290479499653,0.000000000000301598332191595
"16670",2020-02-28,"China",78928,36329,2790,39809,38,1439000000,10216.6,5.35,4.3,27.6643502432245,0.000000000000227936066725497
"16671",2020-02-29,"China",79356,39320,2837,37199,39,1439000000,10216.6,5.35,4.3,25.8505906879778,0.000000000000297428769995554
"16672",2020-03-01,"China",79932,42162,2872,34898,40,1439000000,10216.6,5.35,4.3,24.2515635858235,0.000000000000400277970835299
"16673",2020-03-02,"China",80136,44854,2914,32368,41,1439000000,10216.6,5.35,4.3,22.4933981931897,0.000000000000141765114670855
"16674",2020-03-03,"China",80261,47450,2947,29864,42,1439000000,10216.6,5.35,4.3,20.7533009034051,0.0000000000000868658790875413
"16675",2020-03-04,"China",80386,50001,2983,27402,43,1439000000,10216.6,5.35,4.3,19.0423905489924,0.0000000000000868658790875489
"16676",2020-03-05,"China",80537,52292,3015,25230,44,1439000000,10216.6,5.35,4.3,17.5330090340514,0.00000000000010493398193777
"16677",2020-03-06,"China",80690,53944,3044,23702,45,1439000000,10216.6,5.35,4.3,16.4711605281445,0.000000000000106323836003182
"16678",2020-03-07,"China",80770,55539,3072,22159,46,1439000000,10216.6,5.35,4.3,15.3988881167477,0.0000000000000555941626160461
"16679",2020-03-08,"China",80823,57388,3100,20335,47,1439000000,10216.6,5.35,4.3,14.131341209173,0.0000000000000368311327331319
"16680",2020-03-09,"China",80860,58804,3123,18933,48,1439000000,10216.6,5.35,4.3,13.1570535093815,0.0000000000000257123002099229
"16681",2020-03-10,"China",80887,60181,3139,17567,49,1439000000,10216.6,5.35,4.3,12.2077831827658,0.0000000000000187630298829171
"16682",2020-03-11,"China",80921,61644,3161,16116,50,1439000000,10216.6,5.35,4.3,11.1994440583739,0.0000000000000236275191118221
"16683",2020-03-12,"China",80932,62901,3172,14859,51,1439000000,10216.6,5.35,4.3,10.3259207783183,0.0000000000000076441973597072
"16684",2020-03-13,"China",80945,64196,3180,13569,52,1439000000,10216.6,5.35,4.3,9.42946490618485,0.00000000000000903405142510859
"16685",2020-03-14,"China",80977,65660,3193,12124,53,1439000000,10216.6,5.35,4.3,8.42529534398888,0.0000000000000222376650464216
"16686",2020-03-15,"China",81003,67017,3203,10783,54,1439000000,10216.6,5.35,4.3,7.49339819318971,0.0000000000000180681028502179
"16687",2020-03-16,"China",81033,67910,3217,9906,55,1439000000,10216.6,5.35,4.3,6.88394718554552,0.0000000000000208478109810211
"16688",2020-03-17,"China",81058,68798,3230,9030,56,1439000000,10216.6,5.35,4.3,6.27519110493398,0.0000000000000173731758175179
"16689",2020-03-18,"China",81102,69755,3241,8106,57,1439000000,10216.6,5.35,4.3,5.63307852675469,0.0000000000000305767894388324
"16690",2020-03-19,"China",81156,70535,3249,7372,58,1439000000,10216.6,5.35,4.3,5.1230020847811,0.0000000000000375260597658412
"16691",2020-03-20,"China",81250,71266,3253,6731,59,1439000000,10216.6,5.35,4.3,4.67755385684503,0.000000000000065323141073876
"16692",2020-03-21,"China",81305,71857,3259,6189,60,1439000000,10216.6,5.35,4.3,4.30090340514246,0.0000000000000382209867985459
"16693",2020-03-22,"China",81435,72362,3274,5799,61,1439000000,10216.6,5.35,4.3,4.02988186240445,0.0000000000000903405142511167
"16694",2020-03-23,"China",81498,72814,3274,5410,62,1439000000,10216.6,5.35,4.3,3.7595552466991,0.0000000000000437804030601585
"16695",2020-03-24,"China",81591,73280,3281,5030,63,1439000000,10216.6,5.35,4.3,3.4954829742877,0.0000000000000646282140411905
"16696",2020-03-25,"China",81661,73773,3285,4603,64,1439000000,10216.6,5.35,4.3,3.19874913134121,0.0000000000000486448922890705
"16697",2020-03-26,"China",81782,74181,3291,4310,65,1439000000,10216.6,5.35,4.3,2.99513551077137,0.0000000000000840861709568289
"16698",2020-03-27,"China",81897,74720,3296,3881,66,1439000000,10216.6,5.35,4.3,2.69701181375956,0.0000000000000799166087606289
"16699",2020-03-28,"China",81999,75100,3299,3600,67,1439000000,10216.6,5.35,4.3,2.50173731758165,0.0000000000000708825573355193
"16700",2020-03-29,"China",82122,75582,3304,3236,68,1439000000,10216.6,5.35,4.3,2.24878387769284,0.0000000000000854760250222512
"16701",2020-03-30,"China",82198,75923,3308,2967,69,1439000000,10216.6,5.35,4.3,2.06184850590688,0.0000000000000528144544852962
"16702",2020-03-31,"China",82279,76206,3309,2764,70,1439000000,10216.6,5.35,4.3,1.92077831827658,0.0000000000000562890896488057
"16703",2020-04-01,"China",82361,76405,3316,2640,71,1439000000,10216.6,5.35,4.3,1.83460736622655,0.0000000000000569840166815103
"16704",2020-04-02,"China",82432,76565,3322,2545,72,1439000000,10216.6,5.35,4.3,1.7685892981237,0.0000000000000493398193217979
"16705",2020-04-03,"China",82511,76760,3326,2425,73,1439000000,10216.6,5.35,4.3,1.68519805420431,0.0000000000000548992355834119
"16706",2020-04-04,"China",82543,76946,3330,2267,74,1439000000,10216.6,5.35,4.3,1.57539958304378,0.0000000000000222376650464458
"16707",2020-04-05,"China",82602,77207,3333,2062,75,1439000000,10216.6,5.35,4.3,1.43293954134816,0.0000000000000410006949293862
"16708",2020-04-06,"China",82665,77310,3335,2020,76,1439000000,10216.6,5.35,4.3,1.40375260597637,0.000000000000043780403060194
"16709",2020-04-07,"China",82718,77410,3335,1973,77,1439000000,10216.6,5.35,4.3,1.37109103544128,0.0000000000000368311327331804
"16710",2020-04-08,"China",82809,77567,3337,1905,78,1439000000,10216.6,5.35,4.3,1.32383599722029,0.000000000000063238359975842
"16711",2020-04-09,"China",82883,77679,3339,1865,79,1439000000,10216.6,5.35,4.3,1.29603891591383,0.0000000000000514246004199182
"16712",2020-04-10,"China",82941,77791,3340,1810,80,1439000000,10216.6,5.35,4.3,1.25781792911744,0.0000000000000403057678966942
"16713",2020-04-11,"China",83014,77877,3343,1794,81,1439000000,10216.6,5.35,4.3,1.24669909659486,0.0000000000000507296733872212
"16714",2020-04-12,"China",83134,77956,3343,1835,82,1439000000,10216.6,5.35,4.3,1.27519110493398,0.0000000000000833912439242061
"16715",2020-04-13,"China",83213,78039,3345,1829,83,1439000000,10216.6,5.35,4.3,1.27102154273801,0.0000000000000548992355834387
"16716",2020-04-14,"China",83306,78200,3345,1761,84,1439000000,10216.6,5.35,4.3,1.22376650451703,0.0000000000000646282140412675
"16717",2020-04-15,"China",83356,78311,3346,1699,85,1439000000,10216.6,5.35,4.3,1.18068102849201,0.0000000000000347463516350913
"16718",2020-04-16,"China",83403,78401,3346,1656,86,1439000000,10216.6,5.35,4.3,1.15079916608756,0.0000000000000326615705369868
"16719",2020-04-17,"China",83760,77552,4636,1572,87,1439000000,10216.6,5.35,4.3,1.09242529534399,0.000000000000248088950674621
"16720",2020-04-18,"China",83787,77614,4636,1537,88,1439000000,10216.6,5.35,4.3,1.06810284920083,0.0000000000000187630298829549
"16721",2020-04-19,"China",83805,77690,4636,1479,89,1439000000,10216.6,5.35,4.3,1.02779708130646,0.0000000000000125086865886368
"16722",2020-04-20,"China",83817,77745,4636,1436,90,1439000000,10216.6,5.35,4.3,0.997915218902015,0.00000000000000833912439242457
"16723",2020-04-21,"China",83853,77799,4636,1418,91,1439000000,10216.6,5.35,4.3,0.985406532314107,0.0000000000000250173731772743
"16724",2020-04-22,"China",83868,77861,4636,1371,92,1439000000,10216.6,5.35,4.3,0.952744961779013,0.0000000000000104239054905311
"16725",2020-04-23,"China",83884,77983,4636,1265,93,1439000000,10216.6,5.35,4.3,0.879082696316887,0.0000000000000111188325232333
"16726",2020-04-24,"China",83899,78109,4636,1154,94,1439000000,10216.6,5.35,4.3,0.801945795691452,0.0000000000000104239054905313
"16727",2020-04-25,"China",83909,78175,4636,1098,95,1439000000,10216.6,5.35,4.3,0.763029881862405,0.00000000000000694927032702092
"16728",2020-04-26,"China",83912,78277,4637,998,96,1439000000,10216.6,5.35,4.3,0.693537178596247,0.00000000000000208478109810628
"16729",2020-04-27,"China",83918,78374,4637,907,97,1439000000,10216.6,5.35,4.3,0.630298818624044,0.00000000000000416956219621258
"16730",2020-04-28,"China",83940,78422,4637,881,98,1439000000,10216.6,5.35,4.3,0.612230715774844,0.0000000000000152883947194464
"16731",2020-04-29,"China",83944,78474,4637,833,99,1439000000,10216.6,5.35,4.3,0.578874218207088,0.00000000000000277970813080844
"16732",2020-04-30,"China",83956,78523,4637,796,100,1439000000,10216.6,5.35,4.3,0.55316191799861,0.00000000000000833912439242538
"16733",2020-05-01,"China",83959,78573,4637,749,101,1439000000,10216.6,5.35,4.3,0.520500347463516,0.00000000000000208478109810635
"16734",2020-05-02,"China",83959,78586,4637,736,102,1439000000,10216.6,5.35,4.3,0.511466296038916,0
"16735",2020-05-03,"China",83964,78684,4637,643,103,1439000000,10216.6,5.35,4.3,0.44683808200139,0.00000000000000347463516351059
"16736",2020-05-04,"China",83966,78792,4637,537,104,1439000000,10216.6,5.35,4.3,0.373175816539263,0.00000000000000138985406540424
"16737",2020-05-05,"China",83968,78870,4637,461,105,1439000000,10216.6,5.35,4.3,0.320361362056984,0.00000000000000138985406540424
"16738",2020-05-06,"China",83970,78929,4637,404,106,1439000000,10216.6,5.35,4.3,0.280750521195274,0.00000000000000138985406540424
"16739",2020-05-07,"China",83975,78977,4637,361,107,1439000000,10216.6,5.35,4.3,0.250868658790827,0.00000000000000347463516351062
"16740",2020-05-08,"China",83976,78993,4637,346,108,1439000000,10216.6,5.35,4.3,0.240444753300903,0.000000000000000694927032702124
"16741",2020-05-09,"China",83990,79127,4637,226,109,1439000000,10216.6,5.35,4.3,0.157053509381515,0.00000000000000972897845782984
"16742",2020-05-10,"China",84010,79167,4637,206,110,1439000000,10216.6,5.35,4.3,0.143154968728284,0.0000000000000138985406540428
"16743",2020-05-11,"China",84011,79198,4637,176,111,1439000000,10216.6,5.35,4.3,0.122307157748436,0.000000000000000694927032702141
"16744",2020-05-12,"China",84018,79222,4637,159,112,1439000000,10216.6,5.35,4.3,0.11049339819319,0.00000000000000486448922891501
"16745",2020-05-13,"China",84024,79246,4637,141,113,1439000000,10216.6,5.35,4.3,0.0979847116052815,0.00000000000000416956219621289
"16746",2020-05-14,"China",84029,79261,4637,131,114,1439000000,10216.6,5.35,4.3,0.0910354412786657,0.00000000000000347463516351075
"16747",2020-05-15,"China",84038,79281,4637,120,115,1439000000,10216.6,5.35,4.3,0.0833912439193885,0.00000000000000625434329431939
"16748",2020-05-16,"China",84044,79293,4638,113,116,1439000000,10216.6,5.35,4.3,0.0785267546907575,0.00000000000000416956219621294
"16749",2020-05-17,"China",84054,79306,4638,110,117,1439000000,10216.6,5.35,4.3,0.0764419735927728,0.00000000000000694927032702162
"16750",2020-05-18,"China",84063,79310,4638,115,118,1439000000,10216.6,5.35,4.3,0.0799166087560806,0.0000000000000062543432943195
"16751",2020-05-19,"China",84063,79310,4638,115,119,1439000000,10216.6,5.35,4.3,0.0799166087560806,0
"16752",2020-05-20,"China",84063,79310,4638,115,120,1439000000,10216.6,5.35,4.3,0.0799166087560806,0
"16753",2020-05-21,"China",84063,79310,4638,115,121,1439000000,10216.6,5.35,4.3,0.0799166087560806,0
"16754",2020-05-22,"China",84081,79332,4638,111,122,1439000000,10216.6,5.35,4.3,0.0771369006254343,0.0000000000000125086865886392
"16755",2020-05-23,"China",84084,79335,4638,111,123,1439000000,10216.6,5.35,4.3,0.0771369006254343,0.00000000000000208478109810653
"16756",2020-05-24,"China",84095,79343,4638,114,124,1439000000,10216.6,5.35,4.3,0.079221681723419,0.000000000000007644197359724
"16757",2020-05-25,"China",84102,79352,4638,112,125,1439000000,10216.6,5.35,4.3,0.0778318276580959,0.0000000000000048644892289153
"16758",2020-05-26,"China",84103,79358,4638,107,126,1439000000,10216.6,5.35,4.3,0.074357192494788,0.000000000000000694927032702186
"16759",2020-05-27,"China",84106,79367,4638,101,127,1439000000,10216.6,5.35,4.3,0.0701876302988186,0.00000000000000208478109810656
"16760",2020-05-28,"China",84106,79371,4638,97,128,1439000000,10216.6,5.35,4.3,0.0674079221681723,0
"16761",2020-05-29,"China",84123,79382,4638,103,129,1439000000,10216.6,5.35,4.3,0.0715774843641418,0.0000000000000118137595559373
"16762",2020-05-30,"China",84128,79386,4638,104,130,1439000000,10216.6,5.35,4.3,0.0722724113968033,0.00000000000000347463516351099
"16763",2020-05-31,"China",84146,79389,4638,119,131,1439000000,10216.6,5.35,4.3,0.0826963168867269,0.0000000000000125086865886397
"16764",2020-06-01,"China",84154,79398,4638,118,132,1439000000,10216.6,5.35,4.3,0.0820013898540653,0.00000000000000555941626161768
"16765",2020-06-02,"China",84161,79400,4638,123,133,1439000000,10216.6,5.35,4.3,0.0854760250173732,0.0000000000000048644892289155
"16766",2020-06-03,"China",84160,79404,4638,118,134,1439000000,10216.6,5.35,4.3,0.0820013898540653,-0.000000000000000694927032702213
"16767",2020-06-04,"China",84171,79415,4638,118,135,1439000000,10216.6,5.35,4.3,0.0820013898540653,0.0000000000000076441973597244
"16768",2020-06-05,"China",84177,79420,4638,119,136,1439000000,10216.6,5.35,4.3,0.0826963168867269,0.00000000000000416956219621333
"16769",2020-06-06,"China",84186,79424,4638,124,137,1439000000,10216.6,5.35,4.3,0.0861709520500347,0.00000000000000625434329432003
"16770",2020-06-07,"China",84191,79434,4638,119,138,1439000000,10216.6,5.35,4.3,0.0826963168867269,0.00000000000000347463516351114
"16771",2020-06-08,"China",84195,79444,4638,113,139,1439000000,10216.6,5.35,4.3,0.0785267546907575,0.00000000000000277970813080892
"16772",2020-06-09,"China",84198,79451,4638,109,140,1439000000,10216.6,5.35,4.3,0.0757470465601112,0.0000000000000020847810981067
"16773",2020-06-10,"China",84209,79456,4638,115,141,1439000000,10216.6,5.35,4.3,0.0799166087560806,0.00000000000000764419735972461
"16774",2020-06-11,"China",84216,79464,4638,114,142,1439000000,10216.6,5.35,4.3,0.079221681723419,0.00000000000000486448922891568
"16775",2020-06-12,"China",84228,79472,4638,118,143,1439000000,10216.6,5.35,4.3,0.0820013898540653,0.00000000000000833912439242695
"28685",2020-03-02,"France",191,12,3,176,2,65273000,40496.4,11.26,5.9,2.69636756392383,0.000000000000934536485226334
"28686",2020-03-03,"France",212,12,4,196,3,65273000,40496.4,11.26,5.9,3.00277296891517,0.000000000000321725675241956
"28687",2020-03-04,"France",288,12,4,272,4,65273000,40496.4,11.26,5.9,4.16711350788228,0.00000000000116434053897224
"28688",2020-03-05,"France",426,12,7,407,5,65273000,40496.4,11.26,5.9,6.23534999157385,0.00000000000211419729445407
"28689",2020-03-06,"France",616,12,9,595,6,65273000,40496.4,11.26,5.9,9.11556079849249,0.00000000000291085134744524
"28690",2020-03-07,"France",948,12,16,920,7,65273000,40496.4,11.26,5.9,14.0946486296018,0.00000000000508632972293018
"28691",2020-03-08,"France",1125,12,19,1094,8,65273000,40496.4,11.26,5.9,16.7603756530265,0.00000000000271168783422013
"28692",2020-03-09,"France",1411,12,25,1374,9,65273000,40496.4,11.26,5.9,21.0500513229053,0.00000000000438159729147094
"28693",2020-03-10,"France",1783,12,33,1738,10,65273000,40496.4,11.26,5.9,26.6266296937478,0.00000000000569914053299468
"28694",2020-03-11,"France",2293,12,48,2233,11,65273000,40496.4,11.26,5.9,34.2101634672836,0.00000000000781333782755375
"28695",2020-03-12,"France",2293,12,48,2233,12,65273000,40496.4,11.26,5.9,34.2101634672836,0
"28696",2020-03-13,"France",3681,12,79,3590,13,65273000,40496.4,11.26,5.9,54.9997701959463,0.0000000000212645351075985
"28697",2020-03-14,"France",4496,12,91,4393,14,65273000,40496.4,11.26,5.9,67.3019472063487,0.0000000000124860202542573
"28698",2020-03-15,"France",4532,12,91,4429,15,65273000,40496.4,11.26,5.9,67.8534769353331,0.000000000000551529729022713
"28699",2020-03-16,"France",6683,12,149,6522,16,65273000,40496.4,11.26,5.9,99.9188025676773,0.0000000000329539013101931
"28700",2020-03-17,"France",7715,12,149,7554,17,65273000,40496.4,11.26,5.9,115.729321465231,0.0000000000158105188994221
"28701",2020-03-18,"France",9124,12,149,8963,18,65273000,40496.4,11.26,5.9,137.315582246871,0.0000000000215862607846576
"28702",2020-03-19,"France",10970,12,244,10714,19,65273000,40496.4,11.26,5.9,164.141375453863,0.0000000000282812188854541
"28703",2020-03-20,"France",12758,12,451,12295,20,65273000,40496.4,11.26,5.9,188.362722718429,0.0000000000273926432115802
"28704",2020-03-21,"France",14463,12,563,13888,21,65273000,40496.4,11.26,5.9,212.767913225989,0.0000000000261210607812999
"28705",2020-03-22,"France",16758,2206,676,13876,22,65273000,40496.4,11.26,5.9,212.584069982995,0.0000000000351600202317836
"28706",2020-03-23,"France",20123,2206,862,17055,23,65273000,40496.4,11.26,5.9,261.287209106369,0.0000000000515527094056868
"28707",2020-03-24,"France",22372,3250,1102,18020,24,65273000,40496.4,11.26,5.9,276.071269897201,0.000000000034455287803086
"28708",2020-03-25,"France",25334,3907,1333,20094,25,65273000,40496.4,11.26,5.9,307.845510394803,0.0000000000453786404968306
"28709",2020-03-26,"France",29252,4955,1697,22600,26,65273000,40496.4,11.26,5.9,346.238107640219,0.0000000000600248188647043
"28710",2020-03-27,"France",33047,5707,1996,25344,27,65273000,40496.4,11.26,5.9,388.276929205031,0.0000000000581404256265434
"28711",2020-03-28,"France",37692,5724,2314,29654,28,65273000,40496.4,11.26,5.9,454.307293980666,0.0000000000711626553503327
"28712",2020-03-29,"France",40295,7226,2608,30461,29,65273000,40496.4,11.26,5.9,466.670752072067,0.0000000000398786634842417
"28713",2020-03-30,"France",44649,7964,3026,33659,30,65273000,40496.4,11.26,5.9,515.664976330183,0.0000000000667044567122438
"28714",2020-03-31,"France",52278,9513,3526,39239,31,65273000,40496.4,11.26,5.9,601.152084322767,0.000000000116878341827558
"28715",2020-04-01,"France",57122,11053,4778,41291,32,65273000,40496.4,11.26,5.9,632.589278874879,0.0000000000742113891538478
"28716",2020-04-02,"France",59228,12548,5387,41293,33,65273000,40496.4,11.26,5.9,632.619919415378,0.000000000032264489174865
"28717",2020-04-03,"France",64452,14135,6509,43808,34,65273000,40496.4,11.26,5.9,671.15039909304,0.0000000000800330918627655
"28718",2020-04-04,"France",47378,15572,7562,24244,35,65273000,40496.4,11.26,5.9,371.424631930507,-0.000000000261578294430975
"28719",2020-04-05,"France",48233,16349,8081,23803,36,65273000,40496.4,11.26,5.9,364.668392750448,0.0000000000130988310730592
"28720",2020-04-06,"France",50887,17428,8914,24545,37,65273000,40496.4,11.26,5.9,376.036033275627,0.00000000004065999727405
"28721",2020-04-07,"France",47396,19523,10330,17543,38,65273000,40496.4,11.26,5.9,268.763500988157,-0.0000000000534830634800742
"28722",2020-04-08,"France",51251,21452,10874,18925,39,65273000,40496.4,11.26,5.9,289.936114473059,0.000000000059059641858454
"28723",2020-04-09,"France",55035,23413,12214,19408,40,65273000,40496.4,11.26,5.9,297.3358050036,0.0000000000579719026732414
"28724",2020-04-10,"France",56600,25195,13199,18206,41,65273000,40496.4,11.26,5.9,278.92084016362,0.0000000000239762229613631
"28725",2020-04-11,"France",58045,26663,13835,17547,42,65273000,40496.4,11.26,5.9,268.824782069156,0.000000000022137790530311
"28726",2020-04-12,"France",108791,27469,14396,66926,43,65273000,40496.4,11.26,5.9,1025.32440672253,0.000000000777442435380307
"28727",2020-04-13,"France",111932,28001,14969,68962,44,65273000,40496.4,11.26,5.9,1056.51647695065,0.0000000000481209689364098
"28728",2020-04-14,"France",129380,28805,15712,84863,45,65273000,40496.4,11.26,5.9,1300.12409418902,0.00000000026730807584429
"28729",2020-04-15,"France",132588,30955,17150,84483,46,65273000,40496.4,11.26,5.9,1294.30239149419,0.000000000049147427060444
"28730",2020-04-16,"France",145166,32812,17903,94451,47,65273000,40496.4,11.26,5.9,1447.01484534187,0.000000000192698359627614
"28731",2020-04-17,"France",147057,34420,18664,93973,48,65273000,40496.4,11.26,5.9,1439.69175616258,0.0000000000289706311072011
"28732",2020-04-18,"France",150863,35983,19305,95575,49,65273000,40496.4,11.26,5.9,1464.23482910239,0.00000000005830894870462
"28733",2020-04-19,"France",151955,36578,19694,95683,50,65273000,40496.4,11.26,5.9,1465.88941828934,0.0000000000167297351514741
"28734",2020-04-20,"France",154402,37409,20241,96752,51,65273000,40496.4,11.26,5.9,1482.26678718613,0.0000000000374887013893697
"28735",2020-04-21,"France",157068,39181,20769,97118,52,65273000,40496.4,11.26,5.9,1487.87400609747,0.0000000000408438405836297
"28736",2020-04-22,"France",158868,40657,21313,96898,53,65273000,40496.4,11.26,5.9,1484.50354664256,0.0000000000275764865163394
"28737",2020-04-23,"France",157158,42088,21829,93241,54,65273000,40496.4,11.26,5.9,1428.4773183399,-0.0000000000261976621898361
"28738",2020-04-24,"France",159969,43493,22219,94257,55,65273000,40496.4,11.26,5.9,1444.04271291346,0.0000000000430652797770764
"28739",2020-04-25,"France",161647,44594,22588,94465,56,65273000,40496.4,11.26,5.9,1447.22932912537,0.0000000000257074135424376
"28740",2020-04-26,"France",162280,44903,22830,94547,57,65273000,40496.4,11.26,5.9,1448.48559128583,0.00000000000969773109208628
"28741",2020-04-27,"France",165966,45513,23267,97186,58,65273000,40496.4,11.26,5.9,1488.91578447444,0.0000000000564705162834891
"28742",2020-04-28,"France",169098,46886,23634,98578,59,65273000,40496.4,11.26,5.9,1510.24160066184,0.0000000000479830865459508
"28743",2020-04-29,"France",167643,48228,24060,95355,60,65273000,40496.4,11.26,5.9,1460.86436964748,-0.000000000022290993270371
"28744",2020-04-30,"France",168861,49476,24349,95036,61,65273000,40496.4,11.26,5.9,1455.97720343787,0.0000000000186600892122464
"28745",2020-05-01,"France",169387,50212,24566,94609,62,65273000,40496.4,11.26,5.9,1449.4354480413,0.0000000000080584621721845
"28746",2020-05-02,"France",170179,50663,24763,94753,63,65273000,40496.4,11.26,5.9,1451.64156695724,0.0000000000121336540692919
"28747",2020-05-03,"France",170540,50885,24898,94757,64,65273000,40496.4,11.26,5.9,1451.70284803824,0.00000000000553061757454371
"28748",2020-05-04,"France",171102,51476,25204,94422,65,65273000,40496.4,11.26,5.9,1446.57055750463,0.00000000000860999190282639
"28749",2020-05-05,"France",172219,52842,25537,93840,66,65273000,40496.4,11.26,5.9,1437.65416021939,0.0000000000171127419139175
"28750",2020-05-06,"France",176355,54079,25812,96464,67,65273000,40496.4,11.26,5.9,1477.85454935425,0.0000000000633646379234089
"28751",2020-05-07,"France",177096,55191,25991,95914,68,65273000,40496.4,11.26,5.9,1469.42840071699,0.0000000000113523202857299
"28752",2020-05-08,"France",177627,55892,26233,95502,69,65273000,40496.4,11.26,5.9,1463.11644937417,0.00000000000813506352465808
"28753",2020-05-09,"France",178156,56148,26313,95695,70,65273000,40496.4,11.26,5.9,1466.07326153233,0.00000000000810442298414125
"28754",2020-05-10,"France",178405,56327,26383,95695,71,65273000,40496.4,11.26,5.9,1466.07326153233,0.00000000000381474730256875
"28755",2020-05-11,"France",178719,56835,26646,95238,72,65273000,40496.4,11.26,5.9,1459.07189802828,0.00000000000481056487153554
"28756",2020-05-12,"France",179472,57898,26994,94580,73,65273000,40496.4,11.26,5.9,1448.99116020407,0.0000000000115361635296435
"28757",2020-05-13,"France",179993,58786,27079,94128,74,65273000,40496.4,11.26,5.9,1442.06639805126,0.00000000000798186082203482
"28758",2020-05-14,"France",180635,59719,27430,93486,75,65273000,40496.4,11.26,5.9,1432.23078455104,0.00000000000983561352744099
"28759",2020-05-15,"France",181148,60562,27532,93054,76,65273000,40496.4,11.26,5.9,1425.61242780323,0.00000000000785929865983939
"28760",2020-05-16,"France",181563,60562,27630,93371,77,65273000,40496.4,11.26,5.9,1430.46895347234,0.00000000000635791217125552
"28761",2020-05-17,"France",181703,61327,28113,92263,78,65273000,40496.4,11.26,5.9,1413.49409403582,0.00000000000214483784091008
"28762",2020-05-18,"France",182147,61843,28242,92062,79,65273000,40496.4,11.26,5.9,1410.41471971566,0.00000000000680220000978966
"28763",2020-05-19,"France",182648,62678,28025,91945,80,65273000,40496.4,11.26,5.9,1408.62224809646,0.00000000000767545541651076
"28764",2020-05-20,"France",183130,63472,28136,91522,81,65273000,40496.4,11.26,5.9,1402.14177378089,0.00000000000738437028100899
"28765",2020-05-21,"France",183397,63976,28218,91203,82,65273000,40496.4,11.26,5.9,1397.25460757128,0.00000000000409051216812752
"28766",2020-05-22,"France",184153,64327,28366,91460,83,65273000,40496.4,11.26,5.9,1401.19191702542,0.0000000000115821243413492
"28767",2020-05-23,"France",184699,64665,28452,91582,84,65273000,40496.4,11.26,5.9,1403.06098999586,0.00000000000836486757993325
"28768",2020-05-24,"France",184260,64735,28372,91153,85,65273000,40496.4,11.26,5.9,1396.4885940588,-0.00000000000672559865854578
"28769",2020-05-25,"France",184585,65317,28461,90807,86,65273000,40496.4,11.26,5.9,1391.18778055245,0.00000000000497908784518966
"28770",2020-05-26,"France",184840,65997,28598,90245,87,65273000,40496.4,11.26,5.9,1382.57778867219,0.00000000000390666892470254
"28771",2020-05-27,"France",185012,66702,28599,89711,88,65273000,40496.4,11.26,5.9,1374.39676435892,0.00000000000263508649039454
"28772",2020-05-28,"France",188355,67309,28666,92380,89,65273000,40496.4,11.26,5.9,1415.28656565502,0.0000000000512156635920936
"28773",2020-05-29,"France",188949,67921,28717,92311,90,65273000,40496.4,11.26,5.9,1414.2294670078,0.00000000000910024055458584
"28774",2020-05-30,"France",190744,68386,28774,93584,91,65273000,40496.4,11.26,5.9,1433.7321710355,0.0000000000274998851783347
"28775",2020-05-31,"France",190975,68473,28805,93697,92,65273000,40496.4,11.26,5.9,1435.4633615737,0.00000000000353898243800434
"28776",2020-06-01,"France",191382,68558,28837,93987,93,65273000,40496.4,11.26,5.9,1439.90623994607,0.00000000000623535000985605
"88283",2020-03-02,"United Kingdom",134,0,8,126,2,67886000,42328.9,10,2.5,1.8560527943906,0.000000000000589223109331511
"88284",2020-03-03,"United Kingdom",189,0,8,181,3,67886000,42328.9,10,2.5,2.66623456971982,0.000000000000810181775331484
"88285",2020-03-04,"United Kingdom",246,0,8,238,4,67886000,42328.9,10,2.5,3.50587750051557,0.000000000000839642930798788
"88286",2020-03-05,"United Kingdom",295,0,8,287,5,67886000,42328.9,10,2.5,4.22767580944525,0.000000000000721798308932813
"88287",2020-03-06,"United Kingdom",374,1,8,365,6,67886000,42328.9,10,2.5,5.37666087263942,0.00000000000116371564093385
"88288",2020-03-07,"United Kingdom",429,2,18,409,7,67886000,42328.9,10,2.5,6.02480629290281,0.000000000000810181775334348
"88289",2020-03-08,"United Kingdom",483,2,18,463,8,67886000,42328.9,10,2.5,6.82025749049878,0.000000000000795451197601629
"88290",2020-03-09,"United Kingdom",630,3,18,609,9,67886000,42328.9,10,2.5,8.97092183955455,0.00000000000216539492680912
"88291",2020-03-10,"United Kingdom",889,7,19,863,10,67886000,42328.9,10,2.5,12.7124885838023,0.00000000000381521963296397
"88292",2020-03-11,"United Kingdom",1301,7,19,1275,11,67886000,42328.9,10,2.5,18.7814866099048,0.00000000000606899802621889
"88293",2020-03-12,"United Kingdom",1790,9,19,1762,12,67886000,42328.9,10,2.5,25.9552779660018,0.00000000000720325251175344
"88294",2020-03-13,"United Kingdom",2270,10,19,2241,13,67886000,42328.9,10,2.5,33.0112247002327,0.00000000000707067731220061
"88295",2020-03-14,"United Kingdom",2634,29,19,2586,14,67886000,42328.9,10,2.5,38.093274018207,0.00000000000536193029511421
"88296",2020-03-15,"United Kingdom",3077,43,19,3015,15,67886000,42328.9,10,2.5,44.412691865775,0.00000000000652564593612938
"88297",2020-03-16,"United Kingdom",3692,66,21,3605,16,67886000,42328.9,10,2.5,53.1037327283976,0.00000000000905930530644679
"88298",2020-03-17,"United Kingdom",4462,83,53,4326,17,67886000,42328.9,10,2.5,63.7244792740771,0.0000000000113425448553547
"88299",2020-03-18,"United Kingdom",5468,118,68,5282,18,67886000,42328.9,10,2.5,77.8069115870724,0.0000000000148189612008519
"88300",2020-03-19,"United Kingdom",6534,164,68,6302,19,67886000,42328.9,10,2.5,92.8321008749963,0.0000000000157027958651652
"88301",2020-03-20,"United Kingdom",7792,196,68,7528,20,67886000,42328.9,10,2.5,110.891789175971,0.0000000000185310667905664
"88302",2020-03-21,"United Kingdom",9007,254,68,8685,21,67886000,42328.9,10,2.5,127.935067613352,0.0000000000178976519482839
"88303",2020-03-22,"United Kingdom",10395,289,67,10039,22,67886000,42328.9,10,2.5,147.880269864184,0.0000000000204460418968939
"88304",2020-03-23,"United Kingdom",12744,365,67,12312,23,67886000,42328.9,10,2.5,181.362873051881,0.0000000000346021271019204
"88305",2020-03-24,"United Kingdom",15126,513,140,14473,24,67886000,42328.9,10,2.5,213.195651533453,0.0000000000350882361684404
"88306",2020-03-25,"United Kingdom",17843,704,140,16999,25,67886000,42328.9,10,2.5,250.405090887665,0.0000000000400229797117834
"88307",2020-03-26,"United Kingdom",20970,886,150,19934,26,67886000,42328.9,10,2.5,293.639336534779,0.0000000000460625165861287
"88308",2020-03-27,"United Kingdom",24219,1174,151,22894,27,67886000,42328.9,10,2.5,337.241846625225,0.0000000000478596470724319
"88309",2020-03-28,"United Kingdom",27062,1466,151,25445,28,67886000,42328.9,10,2.5,374.819550422768,0.0000000000418790325123491
"88310",2020-03-29,"United Kingdom",29954,1679,151,28124,29,67886000,42328.9,10,2.5,414.282768170168,0.0000000000426008308233813
"88311",2020-03-30,"United Kingdom",34281,2053,171,32057,30,67886000,42328.9,10,2.5,472.218130395074,0.0000000000637392098839973
"88312",2020-03-31,"United Kingdom",38815,2457,179,36179,31,67886000,42328.9,10,2.5,532.937571811566,0.0000000000667884394807824
"88313",2020-04-01,"United Kingdom",43789,3130,179,40480,32,67886000,42328.9,10,2.5,596.293786642312,0.0000000000732698936924906
"88314",2020-04-02,"United Kingdom",48718,3787,192,44739,33,67886000,42328.9,10,2.5,659.031317208261,0.0000000000726070176993381
"88315",2020-04-03,"United Kingdom",53699,4524,208,48967,34,67886000,42328.9,10,2.5,721.312199864479,0.0000000000733730077474009
"88316",2020-04-04,"United Kingdom",57772,5281,215,52276,35,67886000,42328.9,10,2.5,770.055681583832,0.0000000000599976431586216
"88317",2020-04-05,"United Kingdom",61422,5882,229,55311,36,67886000,42328.9,10,2.5,814.762985004272,0.0000000000537666087750413
"88318",2020-04-06,"United Kingdom",66738,6452,287,59999,37,67886000,42328.9,10,2.5,883.819933417789,0.0000000000783077513069868
"88319",2020-04-07,"United Kingdom",72224,7557,325,64342,38,67886000,42328.9,10,2.5,947.794832513331,0.0000000000808119495306332
"88320",2020-04-08,"United Kingdom",77387,8589,345,68453,39,67886000,42328.9,10,2.5,1008.35223757476,0.0000000000760539729235128
"88321",2020-04-09,"United Kingdom",82293,9706,359,72228,40,67886000,42328.9,10,2.5,1063.96016851781,0.0000000000722682144469724
"88322",2020-04-10,"United Kingdom",86660,10829,588,75243,41,67886000,42328.9,10,2.5,1108.37286038358,0.0000000000643284330432593
"88323",2020-04-11,"United Kingdom",90273,11673,622,77978,42,67886000,42328.9,10,2.5,1148.66099048405,0.0000000000532215774210363
"88324",2020-04-12,"United Kingdom",93812,12330,626,80856,43,67886000,42328.9,10,2.5,1191.05559320037,0.0000000000521315146700433
"88325",2020-04-13,"United Kingdom",98017,13055,304,84658,44,67886000,42328.9,10,2.5,1247.06124974222,0.0000000000619420794577877
"88326",2020-04-14,"United Kingdom",102365,14135,323,87907,45,67886000,42328.9,10,2.5,1294.92089679757,0.0000000000640485520807873
"88327",2020-04-15,"United Kingdom",107465,15019,368,92078,46,67886000,42328.9,10,2.5,1356.36213652299,0.0000000000751259465585453
"88328",2020-04-16,"United Kingdom",112808,16059,375,96374,47,67886000,42328.9,10,2.5,1419.64469846507,0.0000000000787054769595882
"88329",2020-04-17,"United Kingdom",117798,16973,394,100431,48,67886000,42328.9,10,2.5,1479.4066523289,0.0000000000735055830165102
"88330",2020-04-18,"United Kingdom",122534,18081,414,104039,49,67886000,42328.9,10,2.5,1532.5545767905,0.000000000069764016270637
"88331",2020-04-19,"United Kingdom",126394,18514,436,107444,50,67886000,42328.9,10,2.5,1582.71219397225,0.0000000000568600301562438
"88332",2020-04-20,"United Kingdom",131260,19090,446,111724,51,67886000,42328.9,10,2.5,1645.75906667059,0.0000000000716789913886307
"88333",2020-04-21,"United Kingdom",136035,20314,638,115083,52,67886000,42328.9,10,2.5,1695.23907727661,0.0000000000703385088172598
"88334",2020-04-22,"United Kingdom",141540,21171,683,119686,53,67886000,42328.9,10,2.5,1763.0439265828,0.0000000000810918305906629
"88335",2020-04-23,"United Kingdom",146708,21855,712,124141,54,67886000,42328.9,10,2.5,1828.66865038447,0.0000000000761276258899999
"88336",2020-04-24,"United Kingdom",151689,22873,724,128092,55,67886000,42328.9,10,2.5,1886.86916300857,0.0000000000733730078533111
"88337",2020-04-25,"United Kingdom",155453,23689,774,130990,56,67886000,42328.9,10,2.5,1929.55837727956,0.000000000055445894714952
"88338",2020-04-26,"United Kingdom",158926,24053,778,134095,57,67886000,42328.9,10,2.5,1975.29682114133,0.000000000051159296587375
"88339",2020-04-27,"United Kingdom",163630,24376,807,138447,58,67886000,42328.9,10,2.5,2039.40429543647,0.0000000000692926378242694
"88340",2020-04-28,"United Kingdom",168357,25347,813,142197,59,67886000,42328.9,10,2.5,2094.64396193619,0.0000000000696314411177996
"88341",2020-04-29,"United Kingdom",173807,26118,857,146832,60,67886000,42328.9,10,2.5,2162.92018972984,0.0000000000802816488518032
"88342",2020-04-30,"United Kingdom",178771,26754,859,151158,61,67886000,42328.9,10,2.5,2226.64466900392,0.0000000000731225880604572
"88343",2020-05-01,"United Kingdom",183501,27454,892,155155,62,67886000,42328.9,10,2.5,2285.52278820375,0.0000000000696756328666522
"88344",2020-05-02,"United Kingdom",186731,28039,896,157796,63,67886000,42328.9,10,2.5,2324.42624399729,0.0000000000475797662093011
"88345",2020-05-03,"United Kingdom",189708,28292,901,160515,64,67886000,42328.9,10,2.5,2364.47868485402,0.0000000000438529300344585
"88346",2020-05-04,"United Kingdom",193091,28565,910,163616,65,67886000,42328.9,10,2.5,2410.15820640486,0.0000000000498335446133578
"88347",2020-05-05,"United Kingdom",196780,29290,926,166564,66,67886000,42328.9,10,2.5,2453.5839495625,0.000000000054341101415509
"88348",2020-05-06,"United Kingdom",200616,29937,934,169745,67,67886000,42328.9,10,2.5,2500.441917332,0.0000000000565064963517678
"88349",2020-05-07,"United Kingdom",204387,30395,970,173022,68,67886000,42328.9,10,2.5,2548.71402056389,0.0000000000555490087993621
"88350",2020-05-08,"United Kingdom",207439,30975,997,175467,69,67886000,42328.9,10,2.5,2584.7302831217,0.0000000000449577233792827
"88351",2020-05-09,"United Kingdom",209589,31250,1001,177338,70,67886000,42328.9,10,2.5,2612.29119406063,0.0000000000316707422242854
"88352",2020-05-10,"United Kingdom",211911,31467,1002,179442,71,67886000,42328.9,10,2.5,2643.28432961141,0.0000000000342044016033982
"88353",2020-05-11,"United Kingdom",215500,31655,1015,182830,72,67886000,42328.9,10,2.5,2693.19152697169,0.0000000000528680436524919
"88354",2020-05-12,"United Kingdom",218895,32270,1023,185602,73,67886000,42328.9,10,2.5,2734.02468844828,0.000000000050010311565669
"88355",2020-05-13,"United Kingdom",222195,32718,1032,188445,74,67886000,42328.9,10,2.5,2775.90372094394,0.0000000000486109066788601
"88356",2020-05-14,"United Kingdom",224813,33071,1043,190699,75,67886000,42328.9,10,2.5,2809.1064431547,0.000000000038564652633383
"88357",2020-05-15,"United Kingdom",227334,33422,1047,192865,76,67886000,42328.9,10,2.5,2841.01287452494,0.0000000000371357865899041
"88358",2020-05-16,"United Kingdom",229406,33833,1058,194515,77,67886000,42328.9,10,2.5,2865.31832778482,0.0000000000305217571664537
"88359",2020-05-17,"United Kingdom",231232,33900,1058,196274,78,67886000,42328.9,10,2.5,2891.22941401762,0.00000000002689803503255
"88360",2020-05-18,"United Kingdom",233809,34046,1090,198673,79,67886000,42328.9,10,2.5,2926.56806999971,0.0000000000379606989493497
"88361",2020-05-19,"United Kingdom",236867,34547,1099,201221,80,67886000,42328.9,10,2.5,2964.10158206405,0.0000000000450461068654794
"88362",2020-05-20,"United Kingdom",239579,34876,1116,203587,81,67886000,42328.9,10,2.5,2998.95412898094,0.0000000000399493269535842
"88363",2020-05-21,"United Kingdom",242133,35149,1134,205850,82,67886000,42328.9,10,2.5,3032.2894263913,0.000000000037621895664931
"88364",2020-05-22,"United Kingdom",244174,35440,1142,207592,83,67886000,42328.9,10,2.5,3057.95009280264,0.0000000000300651092617199
"88365",2020-05-23,"United Kingdom",245682,35660,1149,208873,84,67886000,42328.9,10,2.5,3076.81996287894,0.0000000000222137113021464
"88366",2020-05-24,"United Kingdom",247037,36039,1151,209847,85,67886000,42328.9,10,2.5,3091.16754559114,0.0000000000199599329011997
"88367",2020-05-25,"United Kingdom",248650,36143,1161,211346,86,67886000,42328.9,10,2.5,3113.24868161329,0.000000000023760421970775
"88368",2020-05-26,"United Kingdom",250309,36274,1161,212874,87,67886000,42328.9,10,2.5,3135.75700438971,0.000000000024438028549584
"88369",2020-05-27,"United Kingdom",252118,36696,1166,214256,88,67886000,42328.9,10,2.5,3156.11466281708,0.0000000000266476152184301
"88370",2020-05-28,"United Kingdom",253854,37039,1167,215648,89,67886000,42328.9,10,2.5,3176.61962702177,0.0000000000255722830405625
"88371",2020-05-29,"United Kingdom",255362,37313,1172,216877,90,67886000,42328.9,10,2.5,3194.72350705595,0.0000000000222137113053139
"88372",2020-05-30,"United Kingdom",256469,37467,1187,217815,91,67886000,42328.9,10,2.5,3208.54078896974,0.0000000000163067496123232
"88373",2020-05-31,"United Kingdom",257539,37527,1190,218822,92,67886000,42328.9,10,2.5,3223.37448074714,0.000000000015761718234382
"88374",2020-06-01,"United Kingdom",258983,37613,1221,220149,93,67886000,42328.9,10,2.5,3242.92195739917,0.0000000000212709543279736
"88375",2020-06-02,"United Kingdom",260453,37863,1224,221366,94,67886000,42328.9,10,2.5,3260.84907050055,0.0000000000216539493509683
"88376",2020-06-03,"United Kingdom",261802,38117,1212,222473,95,67886000,42328.9,10,2.5,3277.15582005126,0.0000000000198715494388005
"88377",2020-06-04,"United Kingdom",263040,38247,1219,223574,96,67886000,42328.9,10,2.5,3293.37418613558,0.0000000000182364553044356
"88378",2020-06-05,"United Kingdom",264150,38505,1228,224417,97,67886000,42328.9,10,2.5,3305.79206316472,0.00000000001635094134754
"88379",2020-06-06,"United Kingdom",264944,38648,1230,225066,98,67886000,42328.9,10,2.5,3315.3522081136,0.0000000000116960787658546
"88380",2020-06-07,"United Kingdom",265662,38702,1239,225721,99,67886000,42328.9,10,2.5,3325.00073652889,0.0000000000105765548538696
"88381",2020-06-08,"United Kingdom",266756,38749,1255,226752,100,67886000,42328.9,10,2.5,3340.18796217188,0.0000000000161152521035094
"88382",2020-06-09,"United Kingdom",267915,38946,1257,227712,101,67886000,42328.9,10,2.5,3354.3293167958,0.0000000000170727396602251
"88383",2020-06-10,"United Kingdom",269101,39110,1269,228722,102,67886000,42328.9,10,2.5,3369.2072003064,0.000000000017470465260898
"88384",2020-06-11,"United Kingdom",270108,39186,1278,229644,103,67886000,42328.9,10,2.5,3382.78879297646,0.0000000000148336918364125
"88385",2020-06-12,"United Kingdom",271162,39317,1282,230563,104,67886000,42328.9,10,2.5,3396.32619391333,0.0000000000155260289928714
"88386",2020-06-13,"United Kingdom",272050,39424,1283,231343,105,67886000,42328.9,10,2.5,3407.81604454527,0.0000000000130807530795542
"88387",2020-06-14,"United Kingdom",272857,39451,1283,232123,106,67886000,42328.9,10,2.5,3419.30589517721,0.00000000001188757627852
"88388",2020-06-15,"United Kingdom",273888,39480,1284,233124,107,67886000,42328.9,10,2.5,3434.0512034882,0.000000000015187225704263
"88389",2020-06-16,"United Kingdom",274971,39600,1293,234078,108,67886000,42328.9,10,2.5,3448.10417464573,0.0000000000159532157497374
"88390",2020-06-17,"United Kingdom",275970,39710,1304,234956,109,67886000,42328.9,10,2.5,3461.03762189553,0.0000000000147158472153483
"88391",2020-06-18,"United Kingdom",276990,39777,1313,235900,110,67886000,42328.9,10,2.5,3474.94328727573,0.00000000001502518934923
"88392",2020-06-19,"United Kingdom",277974,39861,1319,236794,111,67886000,42328.9,10,2.5,3488.11242376926,0.000000000014494888548879
"88393",2020-06-20,"United Kingdom",278640,39932,1319,237389,112,67886000,42328.9,10,2.5,3496.87711752055,0.00000000000981056481061803
"88394",2020-06-21,"United Kingdom",279264,39963,1319,237982,113,67886000,42328.9,10,2.5,3505.61235011637,0.00000000000919188054336625
"88395",2020-06-22,"United Kingdom",280156,39976,1322,238858,114,67886000,42328.9,10,2.5,3518.51633621071,0.0000000000131396753922924
"88396",2020-06-23,"United Kingdom",281038,40070,1330,239638,115,67886000,42328.9,10,2.5,3530.00618684265,0.0000000000129923696145207
"88397",2020-06-24,"United Kingdom",281815,40157,1345,240313,116,67886000,42328.9,10,2.5,3539.9493268126,0.0000000000114456589462563
"88398",2020-06-25,"United Kingdom",282512,40256,1361,240895,117,67886000,42328.9,10,2.5,3548.52252305335,0.000000000010267212722809
"88399",2020-06-26,"United Kingdom",283151,40333,1363,241455,118,67886000,42328.9,10,2.5,3556.77164658398,0.00000000000941283921081305
"88400",2020-06-27,"United Kingdom",283785,40373,1364,242048,119,67886000,42328.9,10,2.5,3565.5068791798,0.00000000000933918632192677
"88401",2020-06-28,"United Kingdom",284192,40404,1364,242424,120,67886000,42328.9,10,2.5,3571.04557640751,0.00000000000599534516253468
"88402",2020-06-29,"United Kingdom",284812,40425,1368,243019,121,67886000,42328.9,10,2.5,3579.8102701588,0.00000000000913295823293722
"88403",2020-06-30,"United Kingdom",285216,40479,1370,243367,122,67886000,42328.9,10,2.5,3584.93651120997,0.00000000000595115342923967
"88404",2020-07-01,"United Kingdom",285279,40576,1372,243331,123,67886000,42328.9,10,2.5,3584.40621041157,0.000000000000928026401095166
"88405",2020-07-02,"United Kingdom",285285,40617,1373,243295,124,67886000,42328.9,10,2.5,3583.87590961318,0.000000000000088383466770976
"88406",2020-07-03,"United Kingdom",285787,40666,1375,243746,125,67886000,42328.9,10,2.5,3590.51940017088,0.00000000000739475005322634
"88407",2020-07-04,"United Kingdom",286412,40698,1375,244339,126,67886000,42328.9,10,2.5,3599.2546327667,0.00000000000920661112212951
"88408",2020-07-05,"United Kingdom",286931,40717,1375,244839,127,67886000,42328.9,10,2.5,3606.61992163333,0.00000000000764516987587479
"88409",2020-07-06,"United Kingdom",287290,40728,1375,245187,128,67886000,42328.9,10,2.5,3611.7461626845,0.00000000000528827742861959
"88410",2020-07-07,"United Kingdom",287874,40782,1375,245717,129,67886000,42328.9,10,2.5,3619.55336888313,0.00000000000860265743270308
"88411",2020-07-08,"United Kingdom",288511,40839,1378,246294,130,67886000,42328.9,10,2.5,3628.05291223522,0.00000000000938337805596453
"88412",2020-07-09,"United Kingdom",289154,40870,1378,246906,131,67886000,42328.9,10,2.5,3637.06802580797,0.00000000000947176152282942
"88413",2020-07-10,"United Kingdom",289678,40904,1378,247396,132,67886000,42328.9,10,2.5,3644.28600889727,0.00000000000771882276516474
"88414",2020-07-11,"United Kingdom",290504,40921,1378,248205,133,67886000,42328.9,10,2.5,3656.20304628348,0.0000000000121674572597398
"88415",2020-07-12,"United Kingdom",291154,40930,1378,248846,134,67886000,42328.9,10,2.5,3665.64534661049,0.00000000000957487556768352
"88416",2020-07-13,"United Kingdom",291691,40940,1384,249367,135,67886000,42328.9,10,2.5,3673.31997760952,0.0000000000079103202767488
"88417",2020-07-14,"United Kingdom",292931,40984,1385,250562,136,67886000,42328.9,10,2.5,3690.92301800077,0.000000000018265916468059
"88418",2020-07-15,"United Kingdom",293469,41010,1386,251073,137,67886000,42328.9,10,2.5,3698.45034322246,0.00000000000792505085475292
"88419",2020-07-16,"United Kingdom",294116,41034,1403,251679,138,67886000,42328.9,10,2.5,3707.37707332882,0.00000000000953068383471005
"88420",2020-07-17,"United Kingdom",294803,41060,1403,252340,139,67886000,42328.9,10,2.5,3717.1139852105,0.0000000000101199069466956
"88421",2020-07-18,"United Kingdom",295632,41069,1413,253150,140,67886000,42328.9,10,2.5,3729.04575317444,0.0000000000122116489940511
"88422",2020-07-19,"United Kingdom",296358,41080,1413,253865,141,67886000,42328.9,10,2.5,3739.57811625372,0.0000000000106943994810325
"88423",2020-07-20,"United Kingdom",296944,41090,1413,254441,142,67886000,42328.9,10,2.5,3748.06292902808,0.00000000000863211858944784
"88424",2020-07-21,"United Kingdom",297389,41115,1414,254860,143,67886000,42328.9,10,2.5,3754.23504109831,0.00000000000655510712001616
"88425",2020-07-22,"United Kingdom",297952,41132,1416,255404,144,67886000,42328.9,10,2.5,3762.2484753852,0.00000000000829331530022405
"88426",2020-07-23,"United Kingdom",298731,41141,1425,256165,145,67886000,42328.9,10,2.5,3773.45844504021,0.0000000000114751201047046
"88427",2020-07-24,"United Kingdom",299500,41173,1425,256902,146,67886000,42328.9,10,2.5,3784.31488082963,0.0000000000113278143268521
"88428",2020-07-25,"United Kingdom",300270,41188,1427,257655,147,67886000,42328.9,10,2.5,3795.40700586277,0.000000000011342544904779
"88429",2020-07-26,"United Kingdom",301020,41196,1434,258390,148,67886000,42328.9,10,2.5,3806.23398049672,0.0000000000110479333489328
"88430",2020-07-27,"United Kingdom",301708,41199,1437,259072,149,67886000,42328.9,10,2.5,3816.2802345108,0.0000000000101346375255237
"88431",2020-07-28,"United Kingdom",302261,41220,1438,259603,150,67886000,42328.9,10,2.5,3824.10217128716,0.000000000008146009522762
"88432",2020-07-29,"United Kingdom",303063,41254,1438,260371,151,67886000,42328.9,10,2.5,3835.4152549863,0.0000000000118139233948143
"88433",2020-07-30,"United Kingdom",303910,41254,1438,261218,152,67886000,42328.9,10,2.5,3847.89205432637,0.0000000000124767993959259
"88434",2020-07-31,"United Kingdom",304793,41274,1439,262080,153,67886000,42328.9,10,2.5,3860.58981233244,0.0000000000130071001968664
"88435",2020-08-01,"United Kingdom",305562,41287,1441,262834,154,67886000,42328.9,10,2.5,3871.69666794332,0.0000000000113278143278636
"88436",2020-08-02,"United Kingdom",306309,41292,1444,263573,155,67886000,42328.9,10,2.5,3882.5825648882,0.0000000000110037416163943
"88437",2020-08-03,"United Kingdom",307251,41293,1445,264513,156,67886000,42328.9,10,2.5,3896.42930795746,0.0000000000138762042875332
"88438",2020-08-04,"United Kingdom",307926,41311,1445,265170,157,67886000,42328.9,10,2.5,3906.10729752821,0.00000000000994314001505099
"88439",2020-08-05,"United Kingdom",308832,41325,1446,266061,158,67886000,42328.9,10,2.5,3919.23224228854,0.0000000000133459034870465
"88440",2020-08-06,"United Kingdom",309796,41343,1447,267006,159,67886000,42328.9,10,2.5,3933.15263824647,0.000000000014200276999664
"88441",2020-08-07,"United Kingdom",310696,41355,1447,267894,160,67886000,42328.9,10,2.5,3946.23339127361,0.0000000000132575200206089
"88442",2020-08-08,"United Kingdom",311461,41358,1449,268654,161,67886000,42328.9,10,2.5,3957.42863035088,0.0000000000112688920176446
"88443",2020-08-09,"United Kingdom",312574,41363,1451,269760,162,67886000,42328.9,10,2.5,3973.72064932387,0.0000000000163951330926066
"88444",2020-08-10,"United Kingdom",313392,41381,1463,270548,163,67886000,42328.9,10,2.5,3985.32834457767,0.000000000012049612641432
"88445",2020-08-11,"United Kingdom",314542,41394,1464,271684,164,67886000,42328.9,10,2.5,4002.06228088266,0.0000000000169401644717378
"88446",2020-08-12,"United Kingdom",315581,41414,1472,272695,165,67886000,42328.9,10,2.5,4016.95489497098,0.0000000000153050703360043
"88447",2020-08-13,"United Kingdom",316729,41432,1479,273818,166,67886000,42328.9,10,2.5,4033.49733376543,0.0000000000169107033166796
"88448",2020-08-14,"United Kingdom",318190,41443,1481,275266,167,67886000,42328.9,10,2.5,4054.82721032319,0.0000000000215213741691643
"88449",2020-08-15,"United Kingdom",319232,41446,1486,276300,168,67886000,42328.9,10,2.5,4070.05862769938,0.000000000015349262070235
"88450",2020-08-16,"United Kingdom",320343,41451,1486,277406,169,67886000,42328.9,10,2.5,4086.35064667236,0.0000000000163656719388774
"88451",2020-08-17,"United Kingdom",321064,41454,1490,278120,170,67886000,42328.9,10,2.5,4096.86827917391,0.0000000000106207465959099
"88452",2020-08-18,"United Kingdom",322177,41466,1493,279218,171,67886000,42328.9,10,2.5,4113.04245352503,0.0000000000163951330949258
"88453",2020-08-19,"United Kingdom",323008,41483,1495,280030,172,67886000,42328.9,10,2.5,4125.00368264443,0.0000000000122411101545823
"88454",2020-08-20,"United Kingdom",324203,41489,1544,281170,173,67886000,42328.9,10,2.5,4141.79654126035,0.0000000000176030404753109
"88455",2020-08-21,"United Kingdom",325263,41491,1544,282228,174,67886000,42328.9,10,2.5,4157.38149250214,0.0000000000156144124720677
"88456",2020-08-22,"United Kingdom",326595,41509,1547,283539,175,67886000,42328.9,10,2.5,4176.69327991044,0.0000000000196211296350965
"88457",2020-08-23,"United Kingdom",327643,41515,1547,284581,176,67886000,42328.9,10,2.5,4192.04254190849,0.0000000000154376455389629
"88458",2020-08-24,"United Kingdom",328620,41519,1550,285551,177,67886000,42328.9,10,2.5,4206.33120230976,0.0000000000143917745150609
"88459",2020-08-25,"United Kingdom",329821,41535,1551,286735,178,67886000,42328.9,10,2.5,4223.77220634593,0.0000000000176914239435967
"88460",2020-08-26,"United Kingdom",330967,41552,1551,287864,179,67886000,42328.9,10,2.5,4240.40302860678,0.0000000000168812421646162
"88461",2020-08-27,"United Kingdom",332509,41564,1564,289381,180,67886000,42328.9,10,2.5,4262.74931502814,0.0000000000227145509759419
"88462",2020-08-28,"United Kingdom",333806,41573,1615,290618,181,67886000,42328.9,10,2.5,4280.97103968418,0.0000000000191055594139815
"88463",2020-08-29,"United Kingdom",334916,41585,1622,291709,182,67886000,42328.9,10,2.5,4297.04209999116,0.0000000000163509413645846
"88464",2020-08-30,"United Kingdom",336668,41586,1624,293458,183,67886000,42328.9,10,2.5,4322.80588044663,0.0000000000258079723166591
"88465",2020-08-31,"United Kingdom",338083,41589,1682,294812,184,67886000,42328.9,10,2.5,4342.75108269746,0.0000000000208437675963663
