"date","Country","cases_total","cases_recovered","cases_fatal","cases_active","day","N","GDP_per_Capita","health_exp_percgdp","Hosp_beds","PP","susceptible","infected","removed"
2020-03-07,"US",403,7,17,379,1,331000000,65297.5,16.89,2.9,1.14501510574018,330999597,379,24
2020-03-08,"US",519,7,21,491,2,331000000,65297.5,16.89,2.9,1.4833836858006,330999481,491,28
2020-03-09,"US",594,7,22,565,3,331000000,65297.5,16.89,2.9,1.70694864048338,330999406,565,29
2020-03-10,"US",782,8,28,746,4,331000000,65297.5,16.89,2.9,2.25377643504532,330999218,746,36
2020-03-11,"US",1147,8,33,1106,5,331000000,65297.5,16.89,2.9,3.34138972809668,330998853,1106,41
2020-03-12,"US",1586,12,43,1531,6,331000000,65297.5,16.89,2.9,4.62537764350453,330998414,1531,55
2020-03-13,"US",2219,12,51,2156,7,331000000,65297.5,16.89,2.9,6.51359516616314,330997781,2156,63
2020-03-14,"US",2978,12,58,2908,8,331000000,65297.5,16.89,2.9,8.78549848942598,330997022,2908,70
2020-03-15,"US",3212,12,70,3130,9,331000000,65297.5,16.89,2.9,9.45619335347432,330996788,3130,82
2020-03-16,"US",4679,17,97,4565,10,331000000,65297.5,16.89,2.9,13.7915407854985,330995321,4565,114
2020-03-17,"US",6512,17,134,6361,11,331000000,65297.5,16.89,2.9,19.2175226586103,330993488,6361,151
2020-03-18,"US",9169,105,194,8870,12,331000000,65297.5,16.89,2.9,26.797583081571,330990831,8870,299
2020-03-19,"US",13663,121,266,13276,13,331000000,65297.5,16.89,2.9,40.1087613293051,330986337,13276,387
2020-03-20,"US",20030,147,372,19511,14,331000000,65297.5,16.89,2.9,58.9456193353474,330979970,19511,519
2020-03-21,"US",26025,176,475,25374,15,331000000,65297.5,16.89,2.9,76.6586102719033,330973975,25374,651
2020-03-22,"US",34898,178,596,34124,16,331000000,65297.5,16.89,2.9,103.093655589124,330965102,34124,774
2020-03-23,"US",46136,178,788,45170,17,331000000,65297.5,16.89,2.9,136.465256797583,330953864,45170,966
2020-03-24,"US",56755,348,1031,55376,18,331000000,65297.5,16.89,2.9,167.299093655589,330943245,55376,1379
2020-03-25,"US",68837,361,1364,67112,19,331000000,65297.5,16.89,2.9,202.755287009063,330931163,67112,1725
2020-03-26,"US",86693,681,1783,84229,20,331000000,65297.5,16.89,2.9,254.468277945619,330913307,84229,2464
2020-03-27,"US",105383,869,2305,102209,21,331000000,65297.5,16.89,2.9,308.788519637462,330894617,102209,3174
2020-03-28,"US",125013,1072,2947,120994,22,331000000,65297.5,16.89,2.9,365.540785498489,330874987,120994,4019
2020-03-29,"US",143912,2665,3571,137676,23,331000000,65297.5,16.89,2.9,415.939577039275,330856088,137676,6236
2020-03-30,"US",165987,5644,4284,156059,24,331000000,65297.5,16.89,2.9,471.477341389728,330834013,156059,9928
2020-03-31,"US",192301,7024,5369,179908,25,331000000,65297.5,16.89,2.9,543.528700906344,330807699,179908,12393
2020-04-01,"US",224560,8474,6652,209434,26,331000000,65297.5,16.89,2.9,632.731117824773,330775440,209434,15126
2020-04-02,"US",256792,9001,8164,239627,27,331000000,65297.5,16.89,2.9,723.948640483384,330743208,239627,17165
2020-04-03,"US",289087,9707,9595,269785,28,331000000,65297.5,16.89,2.9,815.060422960725,330710913,269785,19302
2020-04-04,"US",321477,14652,11158,295667,29,331000000,65297.5,16.89,2.9,893.253776435045,330678523,295667,25810
2020-04-05,"US",351354,17448,12773,321133,30,331000000,65297.5,16.89,2.9,970.190332326284,330648646,321133,30221
2020-04-06,"US",382747,19581,14544,348622,31,331000000,65297.5,16.89,2.9,1053.23867069486,330617253,348622,34125
2020-04-07,"US",413516,21763,17119,374634,32,331000000,65297.5,16.89,2.9,1131.8247734139,330586484,374634,38882
2020-04-08,"US",444731,23559,19279,401893,33,331000000,65297.5,16.89,2.9,1214.17824773414,330555269,401893,42838
2020-04-09,"US",480667,25410,21482,433775,34,331000000,65297.5,16.89,2.9,1310.49848942598,330519333,433775,46892
2020-04-10,"US",515081,28790,23676,462615,35,331000000,65297.5,16.89,2.9,1397.62839879154,330484919,462615,52466
2020-04-11,"US",544183,31270,25803,487110,36,331000000,65297.5,16.89,2.9,1471.63141993958,330455817,487110,57073
2020-04-12,"US",571440,32988,27677,510775,37,331000000,65297.5,16.89,2.9,1543.12688821752,330428560,510775,60665
2020-04-13,"US",598380,43482,29686,525212,38,331000000,65297.5,16.89,2.9,1586.74320241692,330401620,525212,73168
2020-04-14,"US",627205,47763,32120,547322,39,331000000,65297.5,16.89,2.9,1653.54078549849,330372795,547322,79883
2020-04-15,"US",652611,52096,34732,565783,40,331000000,65297.5,16.89,2.9,1709.31419939577,330347389,565783,86828
2020-04-16,"US",682626,54703,36875,591048,41,331000000,65297.5,16.89,2.9,1785.64350453172,330317374,591048,91578
2020-04-17,"US",715656,58545,38985,618126,42,331000000,65297.5,16.89,2.9,1867.4501510574,330284344,618126,97530
2020-04-18,"US",743588,64840,40958,637790,43,331000000,65297.5,16.89,2.9,1926.8580060423,330256412,637790,105798
2020-04-19,"US",769684,70337,42929,656418,44,331000000,65297.5,16.89,2.9,1983.13595166163,330230316,656418,113266
2020-04-20,"US",799512,72329,45158,682025,45,331000000,65297.5,16.89,2.9,2060.49848942598,330200488,682025,117487
2020-04-21,"US",825429,75204,47672,702553,46,331000000,65297.5,16.89,2.9,2122.5166163142,330174571,702553,122876
2020-04-22,"US",854288,77366,50132,726790,47,331000000,65297.5,16.89,2.9,2195.74018126888,330145712,726790,127498
2020-04-23,"US",887858,80203,52588,755067,48,331000000,65297.5,16.89,2.9,2281.16918429003,330112142,755067,132791
2020-04-24,"US",920185,99079,54776,766330,49,331000000,65297.5,16.89,2.9,2315.19637462236,330079815,766330,153855
2020-04-25,"US",950581,100372,56487,793722,50,331000000,65297.5,16.89,2.9,2397.95166163142,330049419,793722,156859
2020-04-26,"US",977082,106988,57886,812208,51,331000000,65297.5,16.89,2.9,2453.80060422961,330022918,812208,164874
2020-04-27,"US",1000785,111424,59394,829967,52,331000000,65297.5,16.89,2.9,2507.45317220544,329999215,829967,170818
2020-04-28,"US",1025362,115936,61618,847808,53,331000000,65297.5,16.89,2.9,2561.35347432024,329974638,847808,177554
2020-04-29,"US",1051800,120720,64036,867044,54,331000000,65297.5,16.89,2.9,2619.46827794562,329948200,867044,184756
2020-04-30,"US",1081020,153947,66231,860842,55,331000000,65297.5,16.89,2.9,2600.73111782477,329918980,860842,220178
2020-05-01,"US",1115946,164015,68140,883791,56,331000000,65297.5,16.89,2.9,2670.06344410876,329884054,883791,232155
2020-05-02,"US",1143296,175382,69871,898043,57,331000000,65297.5,16.89,2.9,2713.12084592145,329856704,898043,245253
2020-05-03,"US",1167593,180152,71061,916380,58,331000000,65297.5,16.89,2.9,2768.51963746224,329832407,916380,251213
2020-05-04,"US",1191678,187180,72440,932058,59,331000000,65297.5,16.89,2.9,2815.88519637462,329808322,932058,259620
2020-05-05,"US",1216209,189791,74682,951736,60,331000000,65297.5,16.89,2.9,2875.33534743202,329783791,951736,264473
2020-05-06,"US",1240769,189910,76996,973863,61,331000000,65297.5,16.89,2.9,2942.18429003021,329759231,973863,266906
2020-05-07,"US",1268180,195036,78925,994219,62,331000000,65297.5,16.89,2.9,3003.68277945619,329731820,994219,273961
2020-05-08,"US",1295019,198993,80688,1015338,63,331000000,65297.5,16.89,2.9,3067.48640483384,329704981,1015338,279681
2020-05-09,"US",1320155,212534,82156,1025465,64,331000000,65297.5,16.89,2.9,3098.08157099698,329679845,1025465,294690
2020-05-10,"US",1339022,216169,83134,1039719,65,331000000,65297.5,16.89,2.9,3141.14501510574,329660978,1039719,299303
2020-05-11,"US",1358293,232733,84176,1041384,66,331000000,65297.5,16.89,2.9,3146.1752265861,329641707,1041384,316909
2020-05-12,"US",1381241,230287,85774,1065180,67,331000000,65297.5,16.89,2.9,3218.0664652568,329618759,1065180,316061
2020-05-13,"US",1401649,243430,87501,1070718,68,331000000,65297.5,16.89,2.9,3234.79758308157,329598351,1070718,330931
2020-05-14,"US",1428467,246414,89297,1092756,69,331000000,65297.5,16.89,2.9,3301.37764350453,329571533,1092756,335711
2020-05-15,"US",1453214,250747,90965,1111502,70,331000000,65297.5,16.89,2.9,3358.01208459215,329546786,1111502,341712
2020-05-16,"US",1477373,268376,92163,1116834,71,331000000,65297.5,16.89,2.9,3374.12084592145,329522627,1116834,360539
2020-05-17,"US",1495736,272265,92984,1130487,72,331000000,65297.5,16.89,2.9,3415.36858006042,329504264,1130487,365249
2020-05-18,"US",1518126,283178,94211,1140737,73,331000000,65297.5,16.89,2.9,3446.33534743202,329481874,1140737,377389
2020-05-19,"US",1539133,289392,95667,1154074,74,331000000,65297.5,16.89,2.9,3486.62839879154,329460867,1154074,385059
2020-05-20,"US",1561830,294312,97168,1170350,75,331000000,65297.5,16.89,2.9,3535.80060422961,329438170,1170350,391480
2020-05-21,"US",1587596,298418,98353,1190825,76,331000000,65297.5,16.89,2.9,3597.6586102719,329412404,1190825,396771
2020-05-22,"US",1611253,350135,99570,1161548,77,331000000,65297.5,16.89,2.9,3509.2084592145,329388747,1161548,449705
2020-05-23,"US",1632364,361239,100659,1170466,78,331000000,65297.5,16.89,2.9,3536.15105740181,329367636,1170466,461898
2020-05-24,"US",1652431,366736,101298,1184397,79,331000000,65297.5,16.89,2.9,3578.23867069486,329347569,1184397,468034
2020-05-25,"US",1671104,379157,101890,1190057,80,331000000,65297.5,16.89,2.9,3595.33836858006,329328896,1190057,481047
2020-05-26,"US",1690754,384902,102567,1203285,81,331000000,65297.5,16.89,2.9,3635.30211480363,329309246,1203285,487469
2020-05-27,"US",1709303,391508,104029,1213766,82,331000000,65297.5,16.89,2.9,3666.9667673716,329290697,1213766,495537
2020-05-28,"US",1731625,399991,105130,1226504,83,331000000,65297.5,16.89,2.9,3705.4501510574,329268375,1226504,505121
2020-05-29,"US",1756098,406446,106263,1243389,84,331000000,65297.5,16.89,2.9,3756.46223564955,329243902,1243389,512709
2020-05-30,"US",1779731,416461,107217,1256053,85,331000000,65297.5,16.89,2.9,3794.72205438066,329220269,1256053,523678
2020-05-31,"US",1798718,444758,107832,1246128,86,331000000,65297.5,16.89,2.9,3764.73716012085,329201282,1246128,552590
2020-06-01,"US",1816154,458231,108608,1249315,87,331000000,65297.5,16.89,2.9,3774.36555891239,329183846,1249315,566839
2020-06-02,"US",1837656,463868,109589,1264199,88,331000000,65297.5,16.89,2.9,3819.33232628399,329162344,1264199,573457
2020-06-03,"US",1857511,479258,110599,1267654,89,331000000,65297.5,16.89,2.9,3829.77039274924,329142489,1267654,589857
2020-06-04,"US",1879150,485002,111612,1282536,90,331000000,65297.5,16.89,2.9,3874.73111782477,329120850,1282536,596614
2020-06-05,"US",1904550,491706,112503,1300341,91,331000000,65297.5,16.89,2.9,3928.52265861027,329095450,1300341,604209
2020-06-06,"US",1925710,500849,113145,1311716,92,331000000,65297.5,16.89,2.9,3962.88821752266,329074290,1311716,613994
2020-06-07,"US",1943626,506367,113604,1323655,93,331000000,65297.5,16.89,2.9,3998.95770392749,329056374,1323655,619971
2020-06-08,"US",1961263,518522,114111,1328630,94,331000000,65297.5,16.89,2.9,4013.98791540785,329038737,1328630,632633
2020-06-09,"US",1979647,524855,115024,1339768,95,331000000,65297.5,16.89,2.9,4047.63746223565,329020353,1339768,639879
2020-06-10,"US",2000757,533504,115900,1351353,96,331000000,65297.5,16.89,2.9,4082.63746223565,328999243,1351353,649404
2020-06-11,"US",2023890,540292,116730,1366868,97,331000000,65297.5,16.89,2.9,4129.51057401813,328976110,1366868,657022
2020-06-12,"US",2048756,547386,117559,1383811,98,331000000,65297.5,16.89,2.9,4180.69788519637,328951244,1383811,664945
2020-06-13,"US",2073964,556606,118294,1399064,99,331000000,65297.5,16.89,2.9,4226.77945619335,328926036,1399064,674900
2020-06-14,"US",2092912,561816,118639,1412457,100,331000000,65297.5,16.89,2.9,4267.2416918429,328907088,1412457,680455
2020-03-16,"Russia",90,8,0,82,1,145934000,11585,5.32,7.1,0.561897844230954,145933910,82,8
2020-03-17,"Russia",114,8,0,106,2,145934000,11585,5.32,7.1,0.726355749859526,145933886,106,8
2020-03-18,"Russia",147,8,0,139,3,145934000,11585,5.32,7.1,0.952485370098812,145933853,139,8
2020-03-19,"Russia",199,9,1,189,4,145934000,11585,5.32,7.1,1.295106006825,145933801,189,10
2020-03-20,"Russia",253,9,1,243,5,145934000,11585,5.32,7.1,1.66513629448929,145933747,243,10
2020-03-21,"Russia",306,12,1,293,6,145934000,11585,5.32,7.1,2.00775693121548,145933694,293,13
2020-03-22,"Russia",367,16,1,350,7,145934000,11585,5.32,7.1,2.39834445708334,145933633,350,17
2020-03-23,"Russia",438,16,1,421,8,145934000,11585,5.32,7.1,2.88486576123453,145933562,421,17
2020-03-24,"Russia",495,22,1,472,9,145934000,11585,5.32,7.1,3.23433881069525,145933505,472,23
2020-03-25,"Russia",658,29,3,626,10,145934000,11585,5.32,7.1,4.28961037181192,145933342,626,32
2020-03-26,"Russia",840,38,3,799,11,145934000,11585,5.32,7.1,5.47507777488454,145933160,799,41
2020-03-27,"Russia",1036,45,4,987,12,145934000,11585,5.32,7.1,6.76333136897502,145932964,987,49
2020-03-28,"Russia",1264,49,4,1211,13,145934000,11585,5.32,7.1,8.29827182150835,145932736,1211,53
2020-03-29,"Russia",1534,64,8,1462,14,145934000,11585,5.32,7.1,10.0182274178738,145932466,1462,72
2020-03-30,"Russia",1836,66,9,1761,15,145934000,11585,5.32,7.1,12.0670988254965,145932164,1761,75
2020-03-31,"Russia",2337,121,17,2199,16,145934000,11585,5.32,7.1,15.0684556032179,145931663,2199,138
2020-04-01,"Russia",2777,190,24,2563,17,145934000,11585,5.32,7.1,17.5627338385846,145931223,2563,214
2020-04-02,"Russia",3548,235,30,3283,18,145934000,11585,5.32,7.1,22.4964710074417,145930452,3283,265
2020-04-03,"Russia",4149,281,34,3834,19,145934000,11585,5.32,7.1,26.2721504241643,145929851,3834,315
2020-04-04,"Russia",4731,333,43,4355,20,145934000,11585,5.32,7.1,29.8422574588513,145929269,4355,376
2020-04-05,"Russia",5389,355,45,4989,21,145934000,11585,5.32,7.1,34.1866871325394,145928611,4989,400
2020-04-06,"Russia",6343,406,47,5890,22,145934000,11585,5.32,7.1,40.3607110063453,145927657,5890,453
2020-04-07,"Russia",7497,494,58,6945,23,145934000,11585,5.32,7.1,47.590006441268,145926503,6945,552
2020-04-08,"Russia",8672,580,63,8029,24,145934000,11585,5.32,7.1,55.0180218454918,145925328,8029,643
2020-04-09,"Russia",10131,698,76,9357,25,145934000,11585,5.32,7.1,64.1180259569394,145923869,9357,774
2020-04-10,"Russia",11917,795,94,11028,26,145934000,11585,5.32,7.1,75.5684076363288,145922083,11028,889
2020-04-11,"Russia",13584,1045,106,12433,27,145934000,11585,5.32,7.1,85.1960475283347,145920416,12433,1151
2020-04-12,"Russia",15770,1291,130,14349,28,145934000,11585,5.32,7.1,98.3252703276824,145918230,14349,1421
2020-04-13,"Russia",18328,1470,148,16710,29,145934000,11585,5.32,7.1,114.503816793893,145915672,16710,1618
2020-04-14,"Russia",21102,1694,170,19238,30,145934000,11585,5.32,7.1,131.826716186769,145912898,19238,1864
2020-04-15,"Russia",24490,1986,198,22306,31,145934000,11585,5.32,7.1,152.849918456288,145909510,22306,2184
2020-04-16,"Russia",27938,2304,232,25402,32,145934000,11585,5.32,7.1,174.064988282374,145906062,25402,2536
2020-04-17,"Russia",32008,2590,273,29145,33,145934000,11585,5.32,7.1,199.713569147697,145901992,29145,2863
2020-04-18,"Russia",36793,3057,313,33423,34,145934000,11585,5.32,7.1,229.02819082599,145897207,33423,3370
2020-04-19,"Russia",42853,3291,361,39201,35,145934000,11585,5.32,7.1,268.621431606068,145891147,39201,3652
2020-04-20,"Russia",47121,3446,405,43270,36,145934000,11585,5.32,7.1,296.503899022846,145886879,43270,3851
2020-04-21,"Russia",52763,3873,456,48434,37,145934000,11585,5.32,7.1,331.889758383927,145881237,48434,4329
2020-04-22,"Russia",57999,4420,513,53066,38,145934000,11585,5.32,7.1,363.630134170241,145876001,53066,4933
2020-04-23,"Russia",62773,4891,555,57327,39,145934000,11585,5.32,7.1,392.828264832047,145871227,57327,5446
2020-04-24,"Russia",68622,5568,615,62439,40,145934000,11585,5.32,7.1,427.857798730933,145865378,62439,6183
2020-04-25,"Russia",74588,6250,681,67657,41,145934000,11585,5.32,7.1,463.613688379678,145859412,67657,6931
2020-04-26,"Russia",80949,6767,747,73435,42,145934000,11585,5.32,7.1,503.206929159757,145853051,73435,7514
2020-04-27,"Russia",87147,7346,794,79007,43,145934000,11585,5.32,7.1,541.388572916524,145846853,79007,8140
2020-04-28,"Russia",93558,8456,867,84235,44,145934000,11585,5.32,7.1,577.212986692614,145840442,84235,9323
2020-04-29,"Russia",99399,10286,972,88141,45,145934000,11585,5.32,7.1,603.978510833665,145834601,88141,11258
2020-04-30,"Russia",106498,11619,1073,93806,46,145934000,11585,5.32,7.1,642.797428974742,145827502,93806,12692
2020-05-01,"Russia",114431,13220,1169,100042,47,145934000,11585,5.32,7.1,685.529074787233,145819569,100042,14389
2020-05-02,"Russia",124054,15013,1222,107819,48,145934000,11585,5.32,7.1,738.820288623624,145809946,107819,16235
2020-05-03,"Russia",134687,16639,1280,116768,49,145934000,11585,5.32,7.1,800.142530184878,145799313,116768,17919
2020-05-04,"Russia",145268,18095,1356,125817,50,145934000,11585,5.32,7.1,862.150013019584,145788732,125817,19451
2020-05-05,"Russia",155370,19865,1451,134054,51,145934000,11585,5.32,7.1,918.593336713857,145778630,134054,21316
2020-05-06,"Russia",165929,21327,1537,143065,52,145934000,11585,5.32,7.1,980.340427864651,145768071,143065,22864
2020-05-07,"Russia",177160,23803,1625,151732,53,145934000,11585,5.32,7.1,1039.73028903477,145756840,151732,25428
2020-05-08,"Russia",187859,26608,1723,159528,54,145934000,11585,5.32,7.1,1093.15169871312,145746141,159528,28331
2020-05-09,"Russia",198676,31916,1827,164933,55,145934000,11585,5.32,7.1,1130.18898954322,145735324,164933,33743
2020-05-10,"Russia",209688,34306,1915,173467,56,145934000,11585,5.32,7.1,1188.66747981964,145724312,173467,36221
2020-05-11,"Russia",221344,39801,2009,179534,57,145934000,11585,5.32,7.1,1230.24106788,145712656,179534,41810
2020-05-12,"Russia",232243,43512,2116,186615,58,145934000,11585,5.32,7.1,1278.76300245316,145701757,186615,45628
2020-05-13,"Russia",242271,48003,2212,192056,59,145934000,11585,5.32,7.1,1316.04698014171,145691729,192056,50215
2020-05-14,"Russia",252245,53530,2305,196410,60,145934000,11585,5.32,7.1,1345.88238518782,145681755,196410,55835
2020-05-15,"Russia",262843,58226,2418,202199,61,145934000,11585,5.32,7.1,1385.55100250798,145671157,202199,60644
2020-05-16,"Russia",272043,63166,2537,206340,62,145934000,11585,5.32,7.1,1413.92684364165,145661957,206340,65703
2020-05-17,"Russia",281752,67373,2631,211748,63,145934000,11585,5.32,7.1,1450.98469170995,145652248,211748,70004
2020-05-18,"Russia",290678,70209,2722,217747,64,145934000,11585,5.32,7.1,1492.09231570436,145643322,217747,72931
2020-05-19,"Russia",299941,76130,2837,220974,65,145934000,11585,5.32,7.1,1514.20505159867,145634059,220974,78967
2020-05-20,"Russia",308705,85392,2972,220341,66,145934000,11585,5.32,7.1,1509.86747433771,145625295,220341,88364
2020-05-21,"Russia",317554,92681,3099,221774,67,145934000,11585,5.32,7.1,1519.68698178629,145616446,221774,95780
2020-05-22,"Russia",326448,99825,3249,223374,68,145934000,11585,5.32,7.1,1530.65084216153,145607552,223374,103074
2020-05-23,"Russia",335882,107936,3388,224558,69,145934000,11585,5.32,7.1,1538.7640988392,145598118,224558,111324
2020-05-24,"Russia",344481,113299,3541,227641,70,145934000,11585,5.32,7.1,1559.89008729974,145589519,227641,116840
2020-05-25,"Russia",353427,118798,3633,230996,71,145934000,11585,5.32,7.1,1582.87993202407,145580573,230996,122431
2020-05-26,"Russia",362342,131129,3807,227406,72,145934000,11585,5.32,7.1,1558.27977030713,145571658,227406,134936
2020-05-27,"Russia",370680,142208,3968,224504,73,145934000,11585,5.32,7.1,1538.39406855154,145563320,224504,146176
2020-05-28,"Russia",379051,150993,4142,223916,74,145934000,11585,5.32,7.1,1534.36484986364,145554949,223916,155135
2020-05-29,"Russia",387623,159257,4374,223992,75,145934000,11585,5.32,7.1,1534.88563323146,145546377,223992,163631
2020-05-30,"Russia",396575,167469,4555,224551,76,145934000,11585,5.32,7.1,1538.71613195006,145537425,224551,172024
2020-05-31,"Russia",405843,171883,4693,229267,77,145934000,11585,5.32,7.1,1571.03211040607,145528157,229267,176576
2020-06-01,"Russia",414328,175514,4849,233965,78,145934000,11585,5.32,7.1,1603.22474543287,145519672,233965,180363
2020-06-02,"Russia",423186,186602,5031,231553,79,145934000,11585,5.32,7.1,1586.6967259172,145510814,231553,191633
2020-06-03,"Russia",431715,195559,5208,230948,80,145934000,11585,5.32,7.1,1582.55101621281,145502285,230948,200767
2020-06-04,"Russia",440538,204197,5376,230965,81,145934000,11585,5.32,7.1,1582.6675072293,145493462,230965,209573
2020-06-05,"Russia",449256,212237,5520,231499,82,145934000,11585,5.32,7.1,1586.32669562953,145484744,231499,217757
2020-06-06,"Russia",458102,220935,5717,231450,83,145934000,11585,5.32,7.1,1585.99092740554,145475898,231450,226652
2020-06-07,"Russia",467073,226272,5851,234950,84,145934000,11585,5.32,7.1,1609.97437197637,145466927,234950,232123
2020-06-08,"Russia",476043,230226,5963,239854,85,145934000,11585,5.32,7.1,1643.57860402648,145457957,239854,236189
2020-06-09,"Russia",484630,241917,6134,236579,86,145934000,11585,5.32,7.1,1621.13695232091,145449370,236579,248051
2020-06-10,"Russia",493023,252295,6350,234378,87,145934000,11585,5.32,7.1,1606.05479189223,145440977,234378,258645
2020-06-11,"Russia",501800,260649,6522,234629,88,145934000,11585,5.32,7.1,1607.77474748859,145432200,234629,267171
2020-06-12,"Russia",510761,268862,6705,235194,89,145934000,11585,5.32,7.1,1611.6463606836,145423239,235194,275567
2020-06-13,"Russia",519458,274128,6819,238511,90,145934000,11585,5.32,7.1,1634.37581372401,145414542,238511,280947
2020-06-14,"Russia",528267,279536,6938,241793,91,145934000,11585,5.32,7.1,1656.86543231872,145405733,241793,286474
2020-06-15,"Russia",536484,284021,7081,245382,92,145934000,11585,5.32,7.1,1681.45874162293,145397516,245382,291102
2020-06-16,"Russia",544725,293780,7274,243671,93,145934000,11585,5.32,7.1,1669.73426343416,145389275,243671,301054
2020-06-17,"Russia",552549,303800,7468,241281,94,145934000,11585,5.32,7.1,1653.35699699864,145381451,241281,311268
2020-06-18,"Russia",560321,313409,7650,239262,95,145934000,11585,5.32,7.1,1639.52197568764,145373679,239262,321059
2020-06-19,"Russia",568292,323851,7831,236610,96,145934000,11585,5.32,7.1,1621.34937711568,145365708,236610,331682
2020-06-20,"Russia",576162,334024,7992,234146,97,145934000,11585,5.32,7.1,1604.46503213782,145357838,234146,342016
2020-06-21,"Russia",583879,339142,8101,236636,98,145934000,11585,5.32,7.1,1621.52753984678,145350121,236636,347243
2020-06-22,"Russia",591465,343847,8196,239422,99,145934000,11585,5.32,7.1,1640.61836172516,145342535,239422,352043
2020-06-23,"Russia",598878,355847,8349,234682,100,145934000,11585,5.32,7.1,1608.13792536352,145335122,234682,364196
2020-06-24,"Russia",606043,368222,8503,229318,101,145934000,11585,5.32,7.1,1571.38158345553,145327957,229318,376725
2020-06-25,"Russia",613148,374557,8594,229997,102,145934000,11585,5.32,7.1,1576.03437170228,145320852,229997,383151
2020-06-26,"Russia",619936,383524,8770,227642,103,145934000,11585,5.32,7.1,1559.89693971247,145314064,227642,392294
2020-06-27,"Russia",626779,392703,8958,225118,104,145934000,11585,5.32,7.1,1542.60144997053,145307221,225118,401661
2020-06-28,"Russia",633563,398436,9060,226067,105,145934000,11585,5.32,7.1,1549.1043896556,145300437,226067,407496
2020-06-29,"Russia",640246,402778,9152,228316,106,145934000,11585,5.32,7.1,1564.51546589554,145293754,228316,411930
2020-06-30,"Russia",646929,411973,9306,225650,107,145934000,11585,5.32,7.1,1546.2469335453,145287071,225650,421279
2020-07-01,"Russia",653479,422235,9521,221723,108,145934000,11585,5.32,7.1,1519.33750873683,145280521,221723,431756
2020-07-02,"Russia",660231,428276,9668,222287,109,145934000,11585,5.32,7.1,1523.2022695191,145273769,222287,437944
2020-07-03,"Russia",666941,437155,9844,219942,110,145934000,11585,5.32,7.1,1507.13336165664,145267059,219942,446999
2020-07-04,"Russia",673564,446127,10011,217426,111,145934000,11585,5.32,7.1,1489.89269121658,145260436,217426,456138
2020-07-05,"Russia",680283,449995,10145,220143,112,145934000,11585,5.32,7.1,1508.51069661628,145253717,220143,460140
2020-07-06,"Russia",686852,453570,10280,223002,113,145934000,11585,5.32,7.1,1528.10174462428,145247148,223002,463850
2020-07-07,"Russia",693215,463103,10478,219634,114,145934000,11585,5.32,7.1,1505.02281853441,145240785,219634,473581
2020-07-08,"Russia",699749,471718,10650,217381,115,145934000,11585,5.32,7.1,1489.58433264352,145234251,217381,482368
2020-07-09,"Russia",706240,480494,10826,214920,116,145934000,11585,5.32,7.1,1472.72054490386,145227760,214920,491320
2020-07-10,"Russia",712863,488234,11000,213629,117,145934000,11585,5.32,7.1,1463.87408006359,145221137,213629,499234
2020-07-11,"Russia",719449,496594,11188,211667,118,145934000,11585,5.32,7.1,1450.42964627845,145214551,211667,507782
2020-07-12,"Russia",726036,500208,11318,214510,119,145934000,11585,5.32,7.1,1469.91105568271,145207964,214510,511526
2020-07-13,"Russia",732547,503168,11422,217957,120,145934000,11585,5.32,7.1,1493.53132237861,145201453,217957,514590
2020-07-14,"Russia",738787,511958,11597,215232,121,145934000,11585,5.32,7.1,1474.85849767703,145195213,215232,523555
2020-07-15,"Russia",745197,522375,11753,211069,122,145934000,11585,5.32,7.1,1446.33190346321,145188803,211069,534128
2020-07-16,"Russia",751612,530801,11920,208891,123,145934000,11585,5.32,7.1,1431.40734852742,145182388,208891,542721
2020-07-17,"Russia",758001,538467,12106,207428,124,145934000,11585,5.32,7.1,1421.38226869681,145175999,207428,550573
2020-07-18,"Russia",764215,545909,12228,206078,125,145934000,11585,5.32,7.1,1412.1315115052,145169785,206078,558137
2020-07-19,"Russia",770311,549387,12323,208601,126,145934000,11585,5.32,7.1,1429.4201488344,145163689,208601,561710
2020-07-20,"Russia",776212,552644,12408,211160,127,145934000,11585,5.32,7.1,1446.95547302205,145157788,211160,565052
2020-07-21,"Russia",782040,561397,12561,208082,128,145934000,11585,5.32,7.1,1425.86374662519,145151960,208082,573958
2020-07-22,"Russia",787890,571049,12726,204115,129,145934000,11585,5.32,7.1,1398.68022530733,145146110,204115,583775
2020-07-23,"Russia",793720,579295,12873,201552,130,145934000,11585,5.32,7.1,1381.11749146875,145140280,201552,592168
2020-07-24,"Russia",799499,587728,13026,198745,131,145934000,11585,5.32,7.1,1361.88276892294,145134501,198745,600754
2020-07-25,"Russia",805332,596064,13172,196096,132,145934000,11585,5.32,7.1,1343.73072758918,145128668,196096,609236
2020-07-26,"Russia",811073,599172,13249,198652,133,145934000,11585,5.32,7.1,1361.24549453863,145122927,198652,612421
2020-07-27,"Russia",816680,602249,13334,201097,134,145934000,11585,5.32,7.1,1377.99964367454,145117320,201097,615583
2020-07-28,"Russia",822060,611109,13483,197468,135,145934000,11585,5.32,7.1,1353.13223786095,145111940,197468,624592
2020-07-29,"Russia",827509,619204,13650,194655,136,145934000,11585,5.32,7.1,1333.85640083874,145106491,194655,632854
2020-07-30,"Russia",832993,628482,13778,190733,137,145934000,11585,5.32,7.1,1306.98123809393,145101007,190733,642260
2020-07-31,"Russia",838461,637217,13939,187305,138,145934000,11585,5.32,7.1,1283.49116723999,145095539,187305,651156
2020-08-01,"Russia",843890,645316,14034,184540,139,145934000,11585,5.32,7.1,1264.54424602903,145090110,184540,659350
2020-08-02,"Russia",849277,648961,14104,186212,140,145934000,11585,5.32,7.1,1276.00148012115,145084723,186212,663065
2020-08-03,"Russia",854641,652372,14183,188086,141,145934000,11585,5.32,7.1,1288.84290158565,145079359,188086,666555
2020-08-04,"Russia",859762,660235,14327,185200,142,145934000,11585,5.32,7.1,1269.06683843381,145074238,185200,674562
2020-08-05,"Russia",864948,667769,14465,182714,143,145934000,11585,5.32,7.1,1252.03174037579,145069052,182714,682234
2020-08-06,"Russia",870187,675069,14579,180539,144,145934000,11585,5.32,7.1,1237.1277426782,145063813,180539,689648
2020-08-07,"Russia",875378,682278,14698,178402,145,145934000,11585,5.32,7.1,1222.48413666452,145058622,178402,696976
2020-08-08,"Russia",880563,688856,14827,176880,146,145934000,11585,5.32,7.1,1212.05476448257,145053437,176880,703683
2020-08-09,"Russia",885718,692059,14903,178756,147,145934000,11585,5.32,7.1,1224.90989077254,145048282,178756,706962
2020-08-10,"Russia",890799,695317,14973,180509,148,145934000,11585,5.32,7.1,1236.92217029616,145043201,180509,710290
2020-08-11,"Russia",895691,701796,15103,178792,149,145934000,11585,5.32,7.1,1225.15657763098,145038309,178792,716899
2020-08-12,"Russia",900745,708900,15231,176614,150,145934000,11585,5.32,7.1,1210.23202269519,145033255,176614,724131
2020-08-13,"Russia",905762,714934,15353,175475,151,145934000,11585,5.32,7.1,1202.42712459057,145028238,175475,730287
2020-08-14,"Russia",910778,721473,15467,173838,152,145934000,11585,5.32,7.1,1191.20972494415,145023222,173838,736940
2020-08-15,"Russia",915808,727895,15585,172328,153,145934000,11585,5.32,7.1,1180.86258171502,145018192,172328,743480
2020-08-16,"Russia",920719,731444,15653,173622,154,145934000,11585,5.32,7.1,1189.7296037935,145013281,173622,747097
2020-08-17,"Russia",925558,734573,15707,175278,155,145934000,11585,5.32,7.1,1201.07719928187,145008442,175278,750280
2020-08-18,"Russia",930276,741045,15836,173395,156,145934000,11585,5.32,7.1,1188.17410610276,145003724,173395,756881
2020-08-19,"Russia",935066,747802,15951,171313,157,145934000,11585,5.32,7.1,1173.90738278948,144998934,171313,763753
2020-08-20,"Russia",939833,753868,16058,169907,158,145934000,11585,5.32,7.1,1164.27289048474,144994167,169907,769926
2020-08-21,"Russia",944671,759639,16148,168884,159,145934000,11585,5.32,7.1,1157.26287225732,144989329,168884,775787
2020-08-22,"Russia",949531,765754,16268,167509,160,145934000,11585,5.32,7.1,1147.84080474735,144984469,167509,782022
2020-08-23,"Russia",954328,768906,16341,169081,161,145934000,11585,5.32,7.1,1158.61279756602,144979672,169081,785247
2020-08-24,"Russia",959016,771357,16406,171253,162,145934000,11585,5.32,7.1,1173.49623802541,144974984,171253,787763
2020-08-25,"Russia",963655,777960,16524,169171,163,145934000,11585,5.32,7.1,1159.22951471213,144970345,169171,794484
2020-08-26,"Russia",968297,784277,16638,167382,164,145934000,11585,5.32,7.1,1146.97054833007,144965703,167382,800915
2020-08-27,"Russia",972972,790629,16758,165585,165,145934000,11585,5.32,7.1,1134.65676264613,144961028,165585,807387
2020-08-28,"Russia",977730,796498,16866,164366,166,145934000,11585,5.32,7.1,1126.30367152274,144956270,164366,813364
2020-08-29,"Russia",982573,802365,16977,163231,167,145934000,11585,5.32,7.1,1118.52618306906,144951427,163231,819342
2020-08-30,"Russia",987470,804941,17045,165484,168,145934000,11585,5.32,7.1,1133.96466895994,144946530,165484,821986
2020-08-31,"Russia",992402,807339,17128,167935,169,145934000,11585,5.32,7.1,1150.75993257226,144941598,167935,824467
2020-09-01,"Russia",997072,813603,17250,166219,170,145934000,11585,5.32,7.1,1139.00119231982,144936928,166219,830853
2020-09-02,"Russia",1001965,819043,17365,165557,171,145934000,11585,5.32,7.1,1134.46489508956,144932035,165557,836408
2020-09-03,"Russia",1006923,824783,17479,164661,172,145934000,11585,5.32,7.1,1128.32513327943,144927077,164661,842262
2020-09-04,"Russia",1011987,830532,17598,163857,173,145934000,11585,5.32,7.1,1122.81579344087,144922013,163857,848130
2020-09-05,"Russia",1017131,835884,17707,163540,174,145934000,11585,5.32,7.1,1120.64357860403,144916869,163540,853591
2020-09-06,"Russia",1022228,838680,17768,165780,175,145934000,11585,5.32,7.1,1135.99298312936,144911772,165780,856448
2020-09-07,"Russia",1027334,840997,17818,168519,176,145934000,11585,5.32,7.1,1154.76174160922,144906666,168519,858815
2020-09-08,"Russia",1032354,847746,17939,166669,177,145934000,11585,5.32,7.1,1142.08477805035,144901646,166669,865685
2020-09-09,"Russia",1037526,854069,18080,165377,178,145934000,11585,5.32,7.1,1133.23146079735,144896474,165377,872149
2020-09-10,"Russia",1042836,859961,18207,164668,179,145934000,11585,5.32,7.1,1128.37310016857,144891164,164668,878168
2020-09-11,"Russia",1048257,865646,18309,164302,180,145934000,11585,5.32,7.1,1125.86511710773,144885743,164302,883955
2020-09-12,"Russia",1053663,871000,18426,164237,181,145934000,11585,5.32,7.1,1125.41971027999,144880337,164237,889426
2020-09-13,"Russia",1059024,873684,18517,166823,182,145934000,11585,5.32,7.1,1143.14004961147,144874976,166823,892201
2020-09-14,"Russia",1064438,876152,18573,169713,183,145934000,11585,5.32,7.1,1162.94352241424,144869562,169713,894725
2020-09-15,"Russia",1069873,881693,18723,169457,184,145934000,11585,5.32,7.1,1161.1893047542,144864127,169457,900416
2020-09-16,"Russia",1075485,887457,18853,169175,185,145934000,11585,5.32,7.1,1159.25692436307,144858515,169175,906310
2020-09-17,"Russia",1081152,893145,18996,169011,186,145934000,11585,5.32,7.1,1158.13312867461,144852848,169011,912141
2020-09-18,"Russia",1086955,898420,19128,169407,187,145934000,11585,5.32,7.1,1160.84668411748,144847045,169407,917548
2020-09-19,"Russia",1092915,903545,19270,170100,188,145934000,11585,5.32,7.1,1165.5954061425,144841085,170100,922815
2020-09-20,"Russia",1098958,906431,19349,173178,189,145934000,11585,5.32,7.1,1186.68713253937,144835042,173178,925780
2020-09-21,"Russia",1105048,909026,19420,176602,190,145934000,11585,5.32,7.1,1210.14979374238,144828952,176602,928446
2020-09-22,"Russia",1111157,914923,19575,176659,191,145934000,11585,5.32,7.1,1210.54038126824,144822843,176659,934498
2020-09-23,"Russia",1117487,920602,19720,177165,192,145934000,11585,5.32,7.1,1214.00770211191,144816513,177165,940322
2020-09-24,"Russia",1123976,926663,19867,177446,193,145934000,11585,5.32,7.1,1215.93323009031,144810024,177446,946530
2020-01-22,"China",548,28,17,503,1,1439000000,10216.6,5.35,4.3,0.34954829742877,1438999452,503,45
2020-01-23,"China",643,30,18,595,2,1439000000,10216.6,5.35,4.3,0.413481584433634,1438999357,595,48
2020-01-24,"China",920,36,26,858,3,1439000000,10216.6,5.35,4.3,0.596247394023627,1438999080,858,62
2020-01-25,"China",1406,39,42,1325,4,1439000000,10216.6,5.35,4.3,0.920778318276581,1438998594,1325,81
2020-01-26,"China",2075,49,56,1970,5,1439000000,10216.6,5.35,4.3,1.36900625434329,1438997925,1970,105
2020-01-27,"China",2877,58,82,2737,6,1439000000,10216.6,5.35,4.3,1.90201528839472,1438997123,2737,140
2020-01-28,"China",5509,101,131,5277,7,1439000000,10216.6,5.35,4.3,3.66712995135511,1438994491,5277,232
2020-01-29,"China",6087,120,133,5834,8,1439000000,10216.6,5.35,4.3,4.0542043085476,1438993913,5834,253
2020-01-30,"China",8141,135,171,7835,9,1439000000,10216.6,5.35,4.3,5.4447533009034,1438991859,7835,306
2020-01-31,"China",9802,214,213,9375,10,1439000000,10216.6,5.35,4.3,6.51494093120222,1438990198,9375,427
2020-02-01,"China",11891,275,259,11357,11,1439000000,10216.6,5.35,4.3,7.89228630993746,1438988109,11357,534
2020-02-02,"China",16630,463,361,15806,12,1439000000,10216.6,5.35,4.3,10.9840166782488,1438983370,15806,824
2020-02-03,"China",19716,614,425,18677,13,1439000000,10216.6,5.35,4.3,12.9791521890202,1438980284,18677,1039
2020-02-04,"China",23707,843,491,22373,14,1439000000,10216.6,5.35,4.3,15.5476025017373,1438976293,22373,1334
2020-02-05,"China",27440,1115,563,25762,15,1439000000,10216.6,5.35,4.3,17.9027102154274,1438972560,25762,1678
2020-02-06,"China",30587,1477,633,28477,16,1439000000,10216.6,5.35,4.3,19.7894371091035,1438969413,28477,2110
2020-02-07,"China",34110,1999,718,31393,17,1439000000,10216.6,5.35,4.3,21.8158443363447,1438965890,31393,2717
2020-02-08,"China",36814,2596,805,33413,18,1439000000,10216.6,5.35,4.3,23.2195969423211,1438963186,33413,3401
2020-02-09,"China",39829,3219,905,35705,19,1439000000,10216.6,5.35,4.3,24.8123697011814,1438960171,35705,4124
2020-02-10,"China",42354,3918,1012,37424,20,1439000000,10216.6,5.35,4.3,26.0069492703266,1438957646,37424,4930
2020-02-11,"China",44386,4636,1112,38638,21,1439000000,10216.6,5.35,4.3,26.8505906879778,1438955614,38638,5748
2020-02-12,"China",44759,5082,1117,38560,22,1439000000,10216.6,5.35,4.3,26.7963863794302,1438955241,38560,6199
2020-02-13,"China",59895,6217,1369,52309,23,1439000000,10216.6,5.35,4.3,36.3509381514941,1438940105,52309,7586
2020-02-14,"China",66358,7977,1521,56860,24,1439000000,10216.6,5.35,4.3,39.5135510771369,1438933642,56860,9498
2020-02-15,"China",68413,9298,1663,57452,25,1439000000,10216.6,5.35,4.3,39.9249478804726,1438931587,57452,10961
2020-02-16,"China",70513,10755,1766,57992,26,1439000000,10216.6,5.35,4.3,40.3002084781098,1438929487,57992,12521
2020-02-17,"China",72434,12462,1864,58108,27,1439000000,10216.6,5.35,4.3,40.3808200138985,1438927566,58108,14326
2020-02-18,"China",74211,14206,2003,58002,28,1439000000,10216.6,5.35,4.3,40.3071577484364,1438925789,58002,16209
2020-02-19,"China",74619,15962,2116,56541,29,1439000000,10216.6,5.35,4.3,39.2918693537179,1438925381,56541,18078
2020-02-20,"China",75077,18014,2238,54825,30,1439000000,10216.6,5.35,4.3,38.0993745656706,1438924923,54825,20252
2020-02-21,"China",75550,18704,2238,54608,31,1439000000,10216.6,5.35,4.3,37.948575399583,1438924450,54608,20942
2020-02-22,"China",77001,22699,2443,51859,32,1439000000,10216.6,5.35,4.3,36.0382209867964,1438922999,51859,25142
2020-02-23,"China",77022,23187,2445,51390,33,1439000000,10216.6,5.35,4.3,35.7123002084781,1438922978,51390,25632
2020-02-24,"China",77241,25015,2595,49631,34,1439000000,10216.6,5.35,4.3,34.4899235580264,1438922759,49631,27610
2020-02-25,"China",77754,27676,2665,47413,35,1439000000,10216.6,5.35,4.3,32.948575399583,1438922246,47413,30341
2020-02-26,"China",78166,30084,2717,45365,36,1439000000,10216.6,5.35,4.3,31.5253648366921,1438921834,45365,32801
2020-02-27,"China",78600,32930,2746,42924,37,1439000000,10216.6,5.35,4.3,29.8290479499653,1438921400,42924,35676
2020-02-28,"China",78928,36329,2790,39809,38,1439000000,10216.6,5.35,4.3,27.6643502432245,1438921072,39809,39119
2020-02-29,"China",79356,39320,2837,37199,39,1439000000,10216.6,5.35,4.3,25.8505906879778,1438920644,37199,42157
2020-03-01,"China",79932,42162,2872,34898,40,1439000000,10216.6,5.35,4.3,24.2515635858235,1438920068,34898,45034
2020-03-02,"China",80136,44854,2914,32368,41,1439000000,10216.6,5.35,4.3,22.4933981931897,1438919864,32368,47768
2020-03-03,"China",80261,47450,2947,29864,42,1439000000,10216.6,5.35,4.3,20.7533009034051,1438919739,29864,50397
2020-03-04,"China",80386,50001,2983,27402,43,1439000000,10216.6,5.35,4.3,19.0423905489924,1438919614,27402,52984
2020-03-05,"China",80537,52292,3015,25230,44,1439000000,10216.6,5.35,4.3,17.5330090340514,1438919463,25230,55307
2020-03-06,"China",80690,53944,3044,23702,45,1439000000,10216.6,5.35,4.3,16.4711605281445,1438919310,23702,56988
2020-03-07,"China",80770,55539,3072,22159,46,1439000000,10216.6,5.35,4.3,15.3988881167477,1438919230,22159,58611
2020-03-08,"China",80823,57388,3100,20335,47,1439000000,10216.6,5.35,4.3,14.131341209173,1438919177,20335,60488
2020-03-09,"China",80860,58804,3123,18933,48,1439000000,10216.6,5.35,4.3,13.1570535093815,1438919140,18933,61927
2020-03-10,"China",80887,60181,3139,17567,49,1439000000,10216.6,5.35,4.3,12.2077831827658,1438919113,17567,63320
2020-03-11,"China",80921,61644,3161,16116,50,1439000000,10216.6,5.35,4.3,11.1994440583739,1438919079,16116,64805
2020-03-12,"China",80932,62901,3172,14859,51,1439000000,10216.6,5.35,4.3,10.3259207783183,1438919068,14859,66073
2020-03-13,"China",80945,64196,3180,13569,52,1439000000,10216.6,5.35,4.3,9.42946490618485,1438919055,13569,67376
2020-03-14,"China",80977,65660,3193,12124,53,1439000000,10216.6,5.35,4.3,8.42529534398888,1438919023,12124,68853
2020-03-15,"China",81003,67017,3203,10783,54,1439000000,10216.6,5.35,4.3,7.49339819318971,1438918997,10783,70220
2020-03-16,"China",81033,67910,3217,9906,55,1439000000,10216.6,5.35,4.3,6.88394718554552,1438918967,9906,71127
2020-03-17,"China",81058,68798,3230,9030,56,1439000000,10216.6,5.35,4.3,6.27519110493398,1438918942,9030,72028
2020-03-18,"China",81102,69755,3241,8106,57,1439000000,10216.6,5.35,4.3,5.63307852675469,1438918898,8106,72996
2020-03-19,"China",81156,70535,3249,7372,58,1439000000,10216.6,5.35,4.3,5.1230020847811,1438918844,7372,73784
2020-03-20,"China",81250,71266,3253,6731,59,1439000000,10216.6,5.35,4.3,4.67755385684503,1438918750,6731,74519
2020-03-21,"China",81305,71857,3259,6189,60,1439000000,10216.6,5.35,4.3,4.30090340514246,1438918695,6189,75116
2020-03-22,"China",81435,72362,3274,5799,61,1439000000,10216.6,5.35,4.3,4.02988186240445,1438918565,5799,75636
2020-03-23,"China",81498,72814,3274,5410,62,1439000000,10216.6,5.35,4.3,3.7595552466991,1438918502,5410,76088
2020-03-24,"China",81591,73280,3281,5030,63,1439000000,10216.6,5.35,4.3,3.4954829742877,1438918409,5030,76561
2020-03-25,"China",81661,73773,3285,4603,64,1439000000,10216.6,5.35,4.3,3.19874913134121,1438918339,4603,77058
2020-03-26,"China",81782,74181,3291,4310,65,1439000000,10216.6,5.35,4.3,2.99513551077137,1438918218,4310,77472
2020-03-27,"China",81897,74720,3296,3881,66,1439000000,10216.6,5.35,4.3,2.69701181375956,1438918103,3881,78016
2020-03-28,"China",81999,75100,3299,3600,67,1439000000,10216.6,5.35,4.3,2.50173731758165,1438918001,3600,78399
2020-03-29,"China",82122,75582,3304,3236,68,1439000000,10216.6,5.35,4.3,2.24878387769284,1438917878,3236,78886
2020-03-30,"China",82198,75923,3308,2967,69,1439000000,10216.6,5.35,4.3,2.06184850590688,1438917802,2967,79231
2020-03-31,"China",82279,76206,3309,2764,70,1439000000,10216.6,5.35,4.3,1.92077831827658,1438917721,2764,79515
2020-04-01,"China",82361,76405,3316,2640,71,1439000000,10216.6,5.35,4.3,1.83460736622655,1438917639,2640,79721
2020-04-02,"China",82432,76565,3322,2545,72,1439000000,10216.6,5.35,4.3,1.7685892981237,1438917568,2545,79887
2020-04-03,"China",82511,76760,3326,2425,73,1439000000,10216.6,5.35,4.3,1.68519805420431,1438917489,2425,80086
2020-04-04,"China",82543,76946,3330,2267,74,1439000000,10216.6,5.35,4.3,1.57539958304378,1438917457,2267,80276
2020-04-05,"China",82602,77207,3333,2062,75,1439000000,10216.6,5.35,4.3,1.43293954134816,1438917398,2062,80540
2020-04-06,"China",82665,77310,3335,2020,76,1439000000,10216.6,5.35,4.3,1.40375260597637,1438917335,2020,80645
2020-04-07,"China",82718,77410,3335,1973,77,1439000000,10216.6,5.35,4.3,1.37109103544128,1438917282,1973,80745
2020-04-08,"China",82809,77567,3337,1905,78,1439000000,10216.6,5.35,4.3,1.32383599722029,1438917191,1905,80904
2020-04-09,"China",82883,77679,3339,1865,79,1439000000,10216.6,5.35,4.3,1.29603891591383,1438917117,1865,81018
2020-04-10,"China",82941,77791,3340,1810,80,1439000000,10216.6,5.35,4.3,1.25781792911744,1438917059,1810,81131
2020-04-11,"China",83014,77877,3343,1794,81,1439000000,10216.6,5.35,4.3,1.24669909659486,1438916986,1794,81220
2020-04-12,"China",83134,77956,3343,1835,82,1439000000,10216.6,5.35,4.3,1.27519110493398,1438916866,1835,81299
2020-04-13,"China",83213,78039,3345,1829,83,1439000000,10216.6,5.35,4.3,1.27102154273801,1438916787,1829,81384
2020-04-14,"China",83306,78200,3345,1761,84,1439000000,10216.6,5.35,4.3,1.22376650451703,1438916694,1761,81545
2020-04-15,"China",83356,78311,3346,1699,85,1439000000,10216.6,5.35,4.3,1.18068102849201,1438916644,1699,81657
2020-04-16,"China",83403,78401,3346,1656,86,1439000000,10216.6,5.35,4.3,1.15079916608756,1438916597,1656,81747
2020-04-17,"China",83760,77552,4636,1572,87,1439000000,10216.6,5.35,4.3,1.09242529534399,1438916240,1572,82188
2020-04-18,"China",83787,77614,4636,1537,88,1439000000,10216.6,5.35,4.3,1.06810284920083,1438916213,1537,82250
2020-04-19,"China",83805,77690,4636,1479,89,1439000000,10216.6,5.35,4.3,1.02779708130646,1438916195,1479,82326
2020-04-20,"China",83817,77745,4636,1436,90,1439000000,10216.6,5.35,4.3,0.997915218902015,1438916183,1436,82381
2020-04-21,"China",83853,77799,4636,1418,91,1439000000,10216.6,5.35,4.3,0.985406532314107,1438916147,1418,82435
2020-04-22,"China",83868,77861,4636,1371,92,1439000000,10216.6,5.35,4.3,0.952744961779013,1438916132,1371,82497
2020-04-23,"China",83884,77983,4636,1265,93,1439000000,10216.6,5.35,4.3,0.879082696316887,1438916116,1265,82619
2020-04-24,"China",83899,78109,4636,1154,94,1439000000,10216.6,5.35,4.3,0.801945795691452,1438916101,1154,82745
2020-04-25,"China",83909,78175,4636,1098,95,1439000000,10216.6,5.35,4.3,0.763029881862405,1438916091,1098,82811
2020-04-26,"China",83912,78277,4637,998,96,1439000000,10216.6,5.35,4.3,0.693537178596247,1438916088,998,82914
2020-04-27,"China",83918,78374,4637,907,97,1439000000,10216.6,5.35,4.3,0.630298818624044,1438916082,907,83011
2020-04-28,"China",83940,78422,4637,881,98,1439000000,10216.6,5.35,4.3,0.612230715774844,1438916060,881,83059
2020-04-29,"China",83944,78474,4637,833,99,1439000000,10216.6,5.35,4.3,0.578874218207088,1438916056,833,83111
2020-04-30,"China",83956,78523,4637,796,100,1439000000,10216.6,5.35,4.3,0.55316191799861,1438916044,796,83160
2020-05-01,"China",83959,78573,4637,749,101,1439000000,10216.6,5.35,4.3,0.520500347463516,1438916041,749,83210
2020-05-02,"China",83959,78586,4637,736,102,1439000000,10216.6,5.35,4.3,0.511466296038916,1438916041,736,83223
2020-05-03,"China",83964,78684,4637,643,103,1439000000,10216.6,5.35,4.3,0.44683808200139,1438916036,643,83321
2020-05-04,"China",83966,78792,4637,537,104,1439000000,10216.6,5.35,4.3,0.373175816539263,1438916034,537,83429
2020-05-05,"China",83968,78870,4637,461,105,1439000000,10216.6,5.35,4.3,0.320361362056984,1438916032,461,83507
2020-05-06,"China",83970,78929,4637,404,106,1439000000,10216.6,5.35,4.3,0.280750521195274,1438916030,404,83566
2020-05-07,"China",83975,78977,4637,361,107,1439000000,10216.6,5.35,4.3,0.250868658790827,1438916025,361,83614
2020-05-08,"China",83976,78993,4637,346,108,1439000000,10216.6,5.35,4.3,0.240444753300903,1438916024,346,83630
2020-05-09,"China",83990,79127,4637,226,109,1439000000,10216.6,5.35,4.3,0.157053509381515,1438916010,226,83764
2020-05-10,"China",84010,79167,4637,206,110,1439000000,10216.6,5.35,4.3,0.143154968728284,1438915990,206,83804
2020-05-11,"China",84011,79198,4637,176,111,1439000000,10216.6,5.35,4.3,0.122307157748436,1438915989,176,83835
2020-05-12,"China",84018,79222,4637,159,112,1439000000,10216.6,5.35,4.3,0.11049339819319,1438915982,159,83859
2020-05-13,"China",84024,79246,4637,141,113,1439000000,10216.6,5.35,4.3,0.0979847116052815,1438915976,141,83883
2020-05-14,"China",84029,79261,4637,131,114,1439000000,10216.6,5.35,4.3,0.0910354412786657,1438915971,131,83898
2020-05-15,"China",84038,79281,4637,120,115,1439000000,10216.6,5.35,4.3,0.0833912439193885,1438915962,120,83918
2020-05-16,"China",84044,79293,4638,113,116,1439000000,10216.6,5.35,4.3,0.0785267546907575,1438915956,113,83931
2020-05-17,"China",84054,79306,4638,110,117,1439000000,10216.6,5.35,4.3,0.0764419735927728,1438915946,110,83944
2020-05-18,"China",84063,79310,4638,115,118,1439000000,10216.6,5.35,4.3,0.0799166087560806,1438915937,115,83948
2020-05-19,"China",84063,79310,4638,115,119,1439000000,10216.6,5.35,4.3,0.0799166087560806,1438915937,115,83948
2020-05-20,"China",84063,79310,4638,115,120,1439000000,10216.6,5.35,4.3,0.0799166087560806,1438915937,115,83948
2020-05-21,"China",84063,79310,4638,115,121,1439000000,10216.6,5.35,4.3,0.0799166087560806,1438915937,115,83948
2020-05-22,"China",84081,79332,4638,111,122,1439000000,10216.6,5.35,4.3,0.0771369006254343,1438915919,111,83970
2020-05-23,"China",84084,79335,4638,111,123,1439000000,10216.6,5.35,4.3,0.0771369006254343,1438915916,111,83973
2020-05-24,"China",84095,79343,4638,114,124,1439000000,10216.6,5.35,4.3,0.079221681723419,1438915905,114,83981
2020-05-25,"China",84102,79352,4638,112,125,1439000000,10216.6,5.35,4.3,0.0778318276580959,1438915898,112,83990
2020-05-26,"China",84103,79358,4638,107,126,1439000000,10216.6,5.35,4.3,0.074357192494788,1438915897,107,83996
2020-05-27,"China",84106,79367,4638,101,127,1439000000,10216.6,5.35,4.3,0.0701876302988186,1438915894,101,84005
2020-05-28,"China",84106,79371,4638,97,128,1439000000,10216.6,5.35,4.3,0.0674079221681723,1438915894,97,84009
2020-05-29,"China",84123,79382,4638,103,129,1439000000,10216.6,5.35,4.3,0.0715774843641418,1438915877,103,84020
2020-05-30,"China",84128,79386,4638,104,130,1439000000,10216.6,5.35,4.3,0.0722724113968033,1438915872,104,84024
2020-05-31,"China",84146,79389,4638,119,131,1439000000,10216.6,5.35,4.3,0.0826963168867269,1438915854,119,84027
2020-06-01,"China",84154,79398,4638,118,132,1439000000,10216.6,5.35,4.3,0.0820013898540653,1438915846,118,84036
2020-06-02,"China",84161,79400,4638,123,133,1439000000,10216.6,5.35,4.3,0.0854760250173732,1438915839,123,84038
2020-06-03,"China",84160,79404,4638,118,134,1439000000,10216.6,5.35,4.3,0.0820013898540653,1438915840,118,84042
2020-06-04,"China",84171,79415,4638,118,135,1439000000,10216.6,5.35,4.3,0.0820013898540653,1438915829,118,84053
2020-06-05,"China",84177,79420,4638,119,136,1439000000,10216.6,5.35,4.3,0.0826963168867269,1438915823,119,84058
2020-06-06,"China",84186,79424,4638,124,137,1439000000,10216.6,5.35,4.3,0.0861709520500347,1438915814,124,84062
2020-06-07,"China",84191,79434,4638,119,138,1439000000,10216.6,5.35,4.3,0.0826963168867269,1438915809,119,84072
2020-06-08,"China",84195,79444,4638,113,139,1439000000,10216.6,5.35,4.3,0.0785267546907575,1438915805,113,84082
2020-06-09,"China",84198,79451,4638,109,140,1439000000,10216.6,5.35,4.3,0.0757470465601112,1438915802,109,84089
2020-06-10,"China",84209,79456,4638,115,141,1439000000,10216.6,5.35,4.3,0.0799166087560806,1438915791,115,84094
2020-06-11,"China",84216,79464,4638,114,142,1439000000,10216.6,5.35,4.3,0.079221681723419,1438915784,114,84102
2020-06-12,"China",84228,79472,4638,118,143,1439000000,10216.6,5.35,4.3,0.0820013898540653,1438915772,118,84110
2020-03-01,"France",130,12,2,116,1,65273000,40496.4,11.26,5.9,1.7771513489498,65272870,116,14
2020-03-02,"France",191,12,3,176,2,65273000,40496.4,11.26,5.9,2.69636756392383,65272809,176,15
2020-03-03,"France",212,12,4,196,3,65273000,40496.4,11.26,5.9,3.00277296891517,65272788,196,16
2020-03-04,"France",288,12,4,272,4,65273000,40496.4,11.26,5.9,4.16711350788228,65272712,272,16
2020-03-05,"France",426,12,7,407,5,65273000,40496.4,11.26,5.9,6.23534999157385,65272574,407,19
2020-03-06,"France",616,12,9,595,6,65273000,40496.4,11.26,5.9,9.11556079849249,65272384,595,21
2020-03-07,"France",948,12,16,920,7,65273000,40496.4,11.26,5.9,14.0946486296018,65272052,920,28
2020-03-08,"France",1125,12,19,1094,8,65273000,40496.4,11.26,5.9,16.7603756530265,65271875,1094,31
2020-03-09,"France",1411,12,25,1374,9,65273000,40496.4,11.26,5.9,21.0500513229053,65271589,1374,37
2020-03-10,"France",1783,12,33,1738,10,65273000,40496.4,11.26,5.9,26.6266296937478,65271217,1738,45
2020-03-11,"France",2293,12,48,2233,11,65273000,40496.4,11.26,5.9,34.2101634672836,65270707,2233,60
2020-03-12,"France",2293,12,48,2233,12,65273000,40496.4,11.26,5.9,34.2101634672836,65270707,2233,60
2020-03-13,"France",3681,12,79,3590,13,65273000,40496.4,11.26,5.9,54.9997701959463,65269319,3590,91
2020-03-14,"France",4496,12,91,4393,14,65273000,40496.4,11.26,5.9,67.3019472063487,65268504,4393,103
2020-03-15,"France",4532,12,91,4429,15,65273000,40496.4,11.26,5.9,67.8534769353331,65268468,4429,103
2020-03-16,"France",6683,12,149,6522,16,65273000,40496.4,11.26,5.9,99.9188025676773,65266317,6522,161
2020-03-17,"France",7715,12,149,7554,17,65273000,40496.4,11.26,5.9,115.729321465231,65265285,7554,161
2020-03-18,"France",9124,12,149,8963,18,65273000,40496.4,11.26,5.9,137.315582246871,65263876,8963,161
2020-03-19,"France",10970,12,244,10714,19,65273000,40496.4,11.26,5.9,164.141375453863,65262030,10714,256
2020-03-20,"France",12758,12,451,12295,20,65273000,40496.4,11.26,5.9,188.362722718429,65260242,12295,463
2020-03-21,"France",14463,12,563,13888,21,65273000,40496.4,11.26,5.9,212.767913225989,65258537,13888,575
2020-03-22,"France",16758,2206,676,13876,22,65273000,40496.4,11.26,5.9,212.584069982995,65256242,13876,2882
2020-03-23,"France",20123,2206,862,17055,23,65273000,40496.4,11.26,5.9,261.287209106369,65252877,17055,3068
2020-03-24,"France",22372,3250,1102,18020,24,65273000,40496.4,11.26,5.9,276.071269897201,65250628,18020,4352
2020-03-25,"France",25334,3907,1333,20094,25,65273000,40496.4,11.26,5.9,307.845510394803,65247666,20094,5240
2020-03-26,"France",29252,4955,1697,22600,26,65273000,40496.4,11.26,5.9,346.238107640219,65243748,22600,6652
2020-03-27,"France",33047,5707,1996,25344,27,65273000,40496.4,11.26,5.9,388.276929205031,65239953,25344,7703
2020-03-28,"France",37692,5724,2314,29654,28,65273000,40496.4,11.26,5.9,454.307293980666,65235308,29654,8038
2020-03-29,"France",40295,7226,2608,30461,29,65273000,40496.4,11.26,5.9,466.670752072067,65232705,30461,9834
2020-03-30,"France",44649,7964,3026,33659,30,65273000,40496.4,11.26,5.9,515.664976330183,65228351,33659,10990
2020-03-31,"France",52278,9513,3526,39239,31,65273000,40496.4,11.26,5.9,601.152084322767,65220722,39239,13039
2020-04-01,"France",57122,11053,4778,41291,32,65273000,40496.4,11.26,5.9,632.589278874879,65215878,41291,15831
2020-04-02,"France",59228,12548,5387,41293,33,65273000,40496.4,11.26,5.9,632.619919415378,65213772,41293,17935
2020-04-03,"France",64452,14135,6509,43808,34,65273000,40496.4,11.26,5.9,671.15039909304,65208548,43808,20644
2020-04-04,"France",47378,15572,7562,24244,35,65273000,40496.4,11.26,5.9,371.424631930507,65225622,24244,23134
2020-04-05,"France",48233,16349,8081,23803,36,65273000,40496.4,11.26,5.9,364.668392750448,65224767,23803,24430
2020-04-06,"France",50887,17428,8914,24545,37,65273000,40496.4,11.26,5.9,376.036033275627,65222113,24545,26342
2020-04-07,"France",47396,19523,10330,17543,38,65273000,40496.4,11.26,5.9,268.763500988157,65225604,17543,29853
2020-04-08,"France",51251,21452,10874,18925,39,65273000,40496.4,11.26,5.9,289.936114473059,65221749,18925,32326
2020-04-09,"France",55035,23413,12214,19408,40,65273000,40496.4,11.26,5.9,297.3358050036,65217965,19408,35627
2020-04-10,"France",56600,25195,13199,18206,41,65273000,40496.4,11.26,5.9,278.92084016362,65216400,18206,38394
2020-04-11,"France",58045,26663,13835,17547,42,65273000,40496.4,11.26,5.9,268.824782069156,65214955,17547,40498
2020-04-12,"France",108791,27469,14396,66926,43,65273000,40496.4,11.26,5.9,1025.32440672253,65164209,66926,41865
2020-04-13,"France",111932,28001,14969,68962,44,65273000,40496.4,11.26,5.9,1056.51647695065,65161068,68962,42970
2020-04-14,"France",129380,28805,15712,84863,45,65273000,40496.4,11.26,5.9,1300.12409418902,65143620,84863,44517
2020-04-15,"France",132588,30955,17150,84483,46,65273000,40496.4,11.26,5.9,1294.30239149419,65140412,84483,48105
2020-04-16,"France",145166,32812,17903,94451,47,65273000,40496.4,11.26,5.9,1447.01484534187,65127834,94451,50715
2020-04-17,"France",147057,34420,18664,93973,48,65273000,40496.4,11.26,5.9,1439.69175616258,65125943,93973,53084
2020-04-18,"France",150863,35983,19305,95575,49,65273000,40496.4,11.26,5.9,1464.23482910239,65122137,95575,55288
2020-04-19,"France",151955,36578,19694,95683,50,65273000,40496.4,11.26,5.9,1465.88941828934,65121045,95683,56272
2020-04-20,"France",154402,37409,20241,96752,51,65273000,40496.4,11.26,5.9,1482.26678718613,65118598,96752,57650
2020-04-21,"France",157068,39181,20769,97118,52,65273000,40496.4,11.26,5.9,1487.87400609747,65115932,97118,59950
2020-04-22,"France",158868,40657,21313,96898,53,65273000,40496.4,11.26,5.9,1484.50354664256,65114132,96898,61970
2020-04-23,"France",157158,42088,21829,93241,54,65273000,40496.4,11.26,5.9,1428.4773183399,65115842,93241,63917
2020-04-24,"France",159969,43493,22219,94257,55,65273000,40496.4,11.26,5.9,1444.04271291346,65113031,94257,65712
2020-04-25,"France",161647,44594,22588,94465,56,65273000,40496.4,11.26,5.9,1447.22932912537,65111353,94465,67182
2020-04-26,"France",162280,44903,22830,94547,57,65273000,40496.4,11.26,5.9,1448.48559128583,65110720,94547,67733
2020-04-27,"France",165966,45513,23267,97186,58,65273000,40496.4,11.26,5.9,1488.91578447444,65107034,97186,68780
2020-04-28,"France",169098,46886,23634,98578,59,65273000,40496.4,11.26,5.9,1510.24160066184,65103902,98578,70520
2020-04-29,"France",167643,48228,24060,95355,60,65273000,40496.4,11.26,5.9,1460.86436964748,65105357,95355,72288
2020-04-30,"France",168861,49476,24349,95036,61,65273000,40496.4,11.26,5.9,1455.97720343787,65104139,95036,73825
2020-05-01,"France",169387,50212,24566,94609,62,65273000,40496.4,11.26,5.9,1449.4354480413,65103613,94609,74778
2020-05-02,"France",170179,50663,24763,94753,63,65273000,40496.4,11.26,5.9,1451.64156695724,65102821,94753,75426
2020-05-03,"France",170540,50885,24898,94757,64,65273000,40496.4,11.26,5.9,1451.70284803824,65102460,94757,75783
2020-05-04,"France",171102,51476,25204,94422,65,65273000,40496.4,11.26,5.9,1446.57055750463,65101898,94422,76680
2020-05-05,"France",172219,52842,25537,93840,66,65273000,40496.4,11.26,5.9,1437.65416021939,65100781,93840,78379
2020-05-06,"France",176355,54079,25812,96464,67,65273000,40496.4,11.26,5.9,1477.85454935425,65096645,96464,79891
2020-05-07,"France",177096,55191,25991,95914,68,65273000,40496.4,11.26,5.9,1469.42840071699,65095904,95914,81182
2020-05-08,"France",177627,55892,26233,95502,69,65273000,40496.4,11.26,5.9,1463.11644937417,65095373,95502,82125
2020-05-09,"France",178156,56148,26313,95695,70,65273000,40496.4,11.26,5.9,1466.07326153233,65094844,95695,82461
2020-05-10,"France",178405,56327,26383,95695,71,65273000,40496.4,11.26,5.9,1466.07326153233,65094595,95695,82710
2020-05-11,"France",178719,56835,26646,95238,72,65273000,40496.4,11.26,5.9,1459.07189802828,65094281,95238,83481
2020-05-12,"France",179472,57898,26994,94580,73,65273000,40496.4,11.26,5.9,1448.99116020407,65093528,94580,84892
2020-05-13,"France",179993,58786,27079,94128,74,65273000,40496.4,11.26,5.9,1442.06639805126,65093007,94128,85865
2020-05-14,"France",180635,59719,27430,93486,75,65273000,40496.4,11.26,5.9,1432.23078455104,65092365,93486,87149
2020-05-15,"France",181148,60562,27532,93054,76,65273000,40496.4,11.26,5.9,1425.61242780323,65091852,93054,88094
2020-05-16,"France",181563,60562,27630,93371,77,65273000,40496.4,11.26,5.9,1430.46895347234,65091437,93371,88192
2020-05-17,"France",181703,61327,28113,92263,78,65273000,40496.4,11.26,5.9,1413.49409403582,65091297,92263,89440
2020-05-18,"France",182147,61843,28242,92062,79,65273000,40496.4,11.26,5.9,1410.41471971566,65090853,92062,90085
2020-05-19,"France",182648,62678,28025,91945,80,65273000,40496.4,11.26,5.9,1408.62224809646,65090352,91945,90703
2020-05-20,"France",183130,63472,28136,91522,81,65273000,40496.4,11.26,5.9,1402.14177378089,65089870,91522,91608
2020-05-21,"France",183397,63976,28218,91203,82,65273000,40496.4,11.26,5.9,1397.25460757128,65089603,91203,92194
2020-05-22,"France",184153,64327,28366,91460,83,65273000,40496.4,11.26,5.9,1401.19191702542,65088847,91460,92693
2020-05-23,"France",184699,64665,28452,91582,84,65273000,40496.4,11.26,5.9,1403.06098999586,65088301,91582,93117
2020-05-24,"France",184260,64735,28372,91153,85,65273000,40496.4,11.26,5.9,1396.4885940588,65088740,91153,93107
2020-05-25,"France",184585,65317,28461,90807,86,65273000,40496.4,11.26,5.9,1391.18778055245,65088415,90807,93778
2020-05-26,"France",184840,65997,28598,90245,87,65273000,40496.4,11.26,5.9,1382.57778867219,65088160,90245,94595
2020-05-27,"France",185012,66702,28599,89711,88,65273000,40496.4,11.26,5.9,1374.39676435892,65087988,89711,95301
2020-05-28,"France",188355,67309,28666,92380,89,65273000,40496.4,11.26,5.9,1415.28656565502,65084645,92380,95975
2020-05-29,"France",188949,67921,28717,92311,90,65273000,40496.4,11.26,5.9,1414.2294670078,65084051,92311,96638
2020-05-30,"France",190744,68386,28774,93584,91,65273000,40496.4,11.26,5.9,1433.7321710355,65082256,93584,97160
2020-05-31,"France",190975,68473,28805,93697,92,65273000,40496.4,11.26,5.9,1435.4633615737,65082025,93697,97278
2020-06-01,"France",191382,68558,28837,93987,93,65273000,40496.4,11.26,5.9,1439.90623994607,65081618,93987,97395
2020-03-01,"United Kingdom",94,0,8,86,1,67886000,42328.9,10,2.5,1.26682968506025,67885906,86,8
2020-03-02,"United Kingdom",134,0,8,126,2,67886000,42328.9,10,2.5,1.8560527943906,67885866,126,8
2020-03-03,"United Kingdom",189,0,8,181,3,67886000,42328.9,10,2.5,2.66623456971982,67885811,181,8
2020-03-04,"United Kingdom",246,0,8,238,4,67886000,42328.9,10,2.5,3.50587750051557,67885754,238,8
2020-03-05,"United Kingdom",295,0,8,287,5,67886000,42328.9,10,2.5,4.22767580944525,67885705,287,8
2020-03-06,"United Kingdom",374,1,8,365,6,67886000,42328.9,10,2.5,5.37666087263942,67885626,365,9
2020-03-07,"United Kingdom",429,2,18,409,7,67886000,42328.9,10,2.5,6.02480629290281,67885571,409,20
2020-03-08,"United Kingdom",483,2,18,463,8,67886000,42328.9,10,2.5,6.82025749049878,67885517,463,20
2020-03-09,"United Kingdom",630,3,18,609,9,67886000,42328.9,10,2.5,8.97092183955455,67885370,609,21
2020-03-10,"United Kingdom",889,7,19,863,10,67886000,42328.9,10,2.5,12.7124885838023,67885111,863,26
2020-03-11,"United Kingdom",1301,7,19,1275,11,67886000,42328.9,10,2.5,18.7814866099048,67884699,1275,26
2020-03-12,"United Kingdom",1790,9,19,1762,12,67886000,42328.9,10,2.5,25.9552779660018,67884210,1762,28
2020-03-13,"United Kingdom",2270,10,19,2241,13,67886000,42328.9,10,2.5,33.0112247002327,67883730,2241,29
2020-03-14,"United Kingdom",2634,29,19,2586,14,67886000,42328.9,10,2.5,38.093274018207,67883366,2586,48
2020-03-15,"United Kingdom",3077,43,19,3015,15,67886000,42328.9,10,2.5,44.412691865775,67882923,3015,62
2020-03-16,"United Kingdom",3692,66,21,3605,16,67886000,42328.9,10,2.5,53.1037327283976,67882308,3605,87
2020-03-17,"United Kingdom",4462,83,53,4326,17,67886000,42328.9,10,2.5,63.7244792740771,67881538,4326,136
2020-03-18,"United Kingdom",5468,118,68,5282,18,67886000,42328.9,10,2.5,77.8069115870724,67880532,5282,186
2020-03-19,"United Kingdom",6534,164,68,6302,19,67886000,42328.9,10,2.5,92.8321008749963,67879466,6302,232
2020-03-20,"United Kingdom",7792,196,68,7528,20,67886000,42328.9,10,2.5,110.891789175971,67878208,7528,264
2020-03-21,"United Kingdom",9007,254,68,8685,21,67886000,42328.9,10,2.5,127.935067613352,67876993,8685,322
2020-03-22,"United Kingdom",10395,289,67,10039,22,67886000,42328.9,10,2.5,147.880269864184,67875605,10039,356
2020-03-23,"United Kingdom",12744,365,67,12312,23,67886000,42328.9,10,2.5,181.362873051881,67873256,12312,432
2020-03-24,"United Kingdom",15126,513,140,14473,24,67886000,42328.9,10,2.5,213.195651533453,67870874,14473,653
2020-03-25,"United Kingdom",17843,704,140,16999,25,67886000,42328.9,10,2.5,250.405090887665,67868157,16999,844
2020-03-26,"United Kingdom",20970,886,150,19934,26,67886000,42328.9,10,2.5,293.639336534779,67865030,19934,1036
2020-03-27,"United Kingdom",24219,1174,151,22894,27,67886000,42328.9,10,2.5,337.241846625225,67861781,22894,1325
2020-03-28,"United Kingdom",27062,1466,151,25445,28,67886000,42328.9,10,2.5,374.819550422768,67858938,25445,1617
2020-03-29,"United Kingdom",29954,1679,151,28124,29,67886000,42328.9,10,2.5,414.282768170168,67856046,28124,1830
2020-03-30,"United Kingdom",34281,2053,171,32057,30,67886000,42328.9,10,2.5,472.218130395074,67851719,32057,2224
2020-03-31,"United Kingdom",38815,2457,179,36179,31,67886000,42328.9,10,2.5,532.937571811566,67847185,36179,2636
2020-04-01,"United Kingdom",43789,3130,179,40480,32,67886000,42328.9,10,2.5,596.293786642312,67842211,40480,3309
2020-04-02,"United Kingdom",48718,3787,192,44739,33,67886000,42328.9,10,2.5,659.031317208261,67837282,44739,3979
2020-04-03,"United Kingdom",53699,4524,208,48967,34,67886000,42328.9,10,2.5,721.312199864479,67832301,48967,4732
2020-04-04,"United Kingdom",57772,5281,215,52276,35,67886000,42328.9,10,2.5,770.055681583832,67828228,52276,5496
2020-04-05,"United Kingdom",61422,5882,229,55311,36,67886000,42328.9,10,2.5,814.762985004272,67824578,55311,6111
2020-04-06,"United Kingdom",66738,6452,287,59999,37,67886000,42328.9,10,2.5,883.819933417789,67819262,59999,6739
2020-04-07,"United Kingdom",72224,7557,325,64342,38,67886000,42328.9,10,2.5,947.794832513331,67813776,64342,7882
2020-04-08,"United Kingdom",77387,8589,345,68453,39,67886000,42328.9,10,2.5,1008.35223757476,67808613,68453,8934
2020-04-09,"United Kingdom",82293,9706,359,72228,40,67886000,42328.9,10,2.5,1063.96016851781,67803707,72228,10065
2020-04-10,"United Kingdom",86660,10829,588,75243,41,67886000,42328.9,10,2.5,1108.37286038358,67799340,75243,11417
2020-04-11,"United Kingdom",90273,11673,622,77978,42,67886000,42328.9,10,2.5,1148.66099048405,67795727,77978,12295
2020-04-12,"United Kingdom",93812,12330,626,80856,43,67886000,42328.9,10,2.5,1191.05559320037,67792188,80856,12956
2020-04-13,"United Kingdom",98017,13055,304,84658,44,67886000,42328.9,10,2.5,1247.06124974222,67787983,84658,13359
2020-04-14,"United Kingdom",102365,14135,323,87907,45,67886000,42328.9,10,2.5,1294.92089679757,67783635,87907,14458
2020-04-15,"United Kingdom",107465,15019,368,92078,46,67886000,42328.9,10,2.5,1356.36213652299,67778535,92078,15387
2020-04-16,"United Kingdom",112808,16059,375,96374,47,67886000,42328.9,10,2.5,1419.64469846507,67773192,96374,16434
2020-04-17,"United Kingdom",117798,16973,394,100431,48,67886000,42328.9,10,2.5,1479.4066523289,67768202,100431,17367
2020-04-18,"United Kingdom",122534,18081,414,104039,49,67886000,42328.9,10,2.5,1532.5545767905,67763466,104039,18495
2020-04-19,"United Kingdom",126394,18514,436,107444,50,67886000,42328.9,10,2.5,1582.71219397225,67759606,107444,18950
2020-04-20,"United Kingdom",131260,19090,446,111724,51,67886000,42328.9,10,2.5,1645.75906667059,67754740,111724,19536
2020-04-21,"United Kingdom",136035,20314,638,115083,52,67886000,42328.9,10,2.5,1695.23907727661,67749965,115083,20952
2020-04-22,"United Kingdom",141540,21171,683,119686,53,67886000,42328.9,10,2.5,1763.0439265828,67744460,119686,21854
2020-04-23,"United Kingdom",146708,21855,712,124141,54,67886000,42328.9,10,2.5,1828.66865038447,67739292,124141,22567
2020-04-24,"United Kingdom",151689,22873,724,128092,55,67886000,42328.9,10,2.5,1886.86916300857,67734311,128092,23597
2020-04-25,"United Kingdom",155453,23689,774,130990,56,67886000,42328.9,10,2.5,1929.55837727956,67730547,130990,24463
2020-04-26,"United Kingdom",158926,24053,778,134095,57,67886000,42328.9,10,2.5,1975.29682114133,67727074,134095,24831
2020-04-27,"United Kingdom",163630,24376,807,138447,58,67886000,42328.9,10,2.5,2039.40429543647,67722370,138447,25183
2020-04-28,"United Kingdom",168357,25347,813,142197,59,67886000,42328.9,10,2.5,2094.64396193619,67717643,142197,26160
2020-04-29,"United Kingdom",173807,26118,857,146832,60,67886000,42328.9,10,2.5,2162.92018972984,67712193,146832,26975
2020-04-30,"United Kingdom",178771,26754,859,151158,61,67886000,42328.9,10,2.5,2226.64466900392,67707229,151158,27613
2020-05-01,"United Kingdom",183501,27454,892,155155,62,67886000,42328.9,10,2.5,2285.52278820375,67702499,155155,28346
2020-05-02,"United Kingdom",186731,28039,896,157796,63,67886000,42328.9,10,2.5,2324.42624399729,67699269,157796,28935
2020-05-03,"United Kingdom",189708,28292,901,160515,64,67886000,42328.9,10,2.5,2364.47868485402,67696292,160515,29193
2020-05-04,"United Kingdom",193091,28565,910,163616,65,67886000,42328.9,10,2.5,2410.15820640486,67692909,163616,29475
2020-05-05,"United Kingdom",196780,29290,926,166564,66,67886000,42328.9,10,2.5,2453.5839495625,67689220,166564,30216
2020-05-06,"United Kingdom",200616,29937,934,169745,67,67886000,42328.9,10,2.5,2500.441917332,67685384,169745,30871
2020-05-07,"United Kingdom",204387,30395,970,173022,68,67886000,42328.9,10,2.5,2548.71402056389,67681613,173022,31365
2020-05-08,"United Kingdom",207439,30975,997,175467,69,67886000,42328.9,10,2.5,2584.7302831217,67678561,175467,31972
2020-05-09,"United Kingdom",209589,31250,1001,177338,70,67886000,42328.9,10,2.5,2612.29119406063,67676411,177338,32251
2020-05-10,"United Kingdom",211911,31467,1002,179442,71,67886000,42328.9,10,2.5,2643.28432961141,67674089,179442,32469
2020-05-11,"United Kingdom",215500,31655,1015,182830,72,67886000,42328.9,10,2.5,2693.19152697169,67670500,182830,32670
2020-05-12,"United Kingdom",218895,32270,1023,185602,73,67886000,42328.9,10,2.5,2734.02468844828,67667105,185602,33293
2020-05-13,"United Kingdom",222195,32718,1032,188445,74,67886000,42328.9,10,2.5,2775.90372094394,67663805,188445,33750
2020-05-14,"United Kingdom",224813,33071,1043,190699,75,67886000,42328.9,10,2.5,2809.1064431547,67661187,190699,34114
2020-05-15,"United Kingdom",227334,33422,1047,192865,76,67886000,42328.9,10,2.5,2841.01287452494,67658666,192865,34469
2020-05-16,"United Kingdom",229406,33833,1058,194515,77,67886000,42328.9,10,2.5,2865.31832778482,67656594,194515,34891
2020-05-17,"United Kingdom",231232,33900,1058,196274,78,67886000,42328.9,10,2.5,2891.22941401762,67654768,196274,34958
2020-05-18,"United Kingdom",233809,34046,1090,198673,79,67886000,42328.9,10,2.5,2926.56806999971,67652191,198673,35136
2020-05-19,"United Kingdom",236867,34547,1099,201221,80,67886000,42328.9,10,2.5,2964.10158206405,67649133,201221,35646
2020-05-20,"United Kingdom",239579,34876,1116,203587,81,67886000,42328.9,10,2.5,2998.95412898094,67646421,203587,35992
2020-05-21,"United Kingdom",242133,35149,1134,205850,82,67886000,42328.9,10,2.5,3032.2894263913,67643867,205850,36283
2020-05-22,"United Kingdom",244174,35440,1142,207592,83,67886000,42328.9,10,2.5,3057.95009280264,67641826,207592,36582
2020-05-23,"United Kingdom",245682,35660,1149,208873,84,67886000,42328.9,10,2.5,3076.81996287894,67640318,208873,36809
2020-05-24,"United Kingdom",247037,36039,1151,209847,85,67886000,42328.9,10,2.5,3091.16754559114,67638963,209847,37190
2020-05-25,"United Kingdom",248650,36143,1161,211346,86,67886000,42328.9,10,2.5,3113.24868161329,67637350,211346,37304
2020-05-26,"United Kingdom",250309,36274,1161,212874,87,67886000,42328.9,10,2.5,3135.75700438971,67635691,212874,37435
2020-05-27,"United Kingdom",252118,36696,1166,214256,88,67886000,42328.9,10,2.5,3156.11466281708,67633882,214256,37862
2020-05-28,"United Kingdom",253854,37039,1167,215648,89,67886000,42328.9,10,2.5,3176.61962702177,67632146,215648,38206
2020-05-29,"United Kingdom",255362,37313,1172,216877,90,67886000,42328.9,10,2.5,3194.72350705595,67630638,216877,38485
2020-05-30,"United Kingdom",256469,37467,1187,217815,91,67886000,42328.9,10,2.5,3208.54078896974,67629531,217815,38654
2020-05-31,"United Kingdom",257539,37527,1190,218822,92,67886000,42328.9,10,2.5,3223.37448074714,67628461,218822,38717
2020-06-01,"United Kingdom",258983,37613,1221,220149,93,67886000,42328.9,10,2.5,3242.92195739917,67627017,220149,38834
2020-06-02,"United Kingdom",260453,37863,1224,221366,94,67886000,42328.9,10,2.5,3260.84907050055,67625547,221366,39087
2020-06-03,"United Kingdom",261802,38117,1212,222473,95,67886000,42328.9,10,2.5,3277.15582005126,67624198,222473,39329
2020-06-04,"United Kingdom",263040,38247,1219,223574,96,67886000,42328.9,10,2.5,3293.37418613558,67622960,223574,39466
2020-06-05,"United Kingdom",264150,38505,1228,224417,97,67886000,42328.9,10,2.5,3305.79206316472,67621850,224417,39733
2020-06-06,"United Kingdom",264944,38648,1230,225066,98,67886000,42328.9,10,2.5,3315.3522081136,67621056,225066,39878
2020-06-07,"United Kingdom",265662,38702,1239,225721,99,67886000,42328.9,10,2.5,3325.00073652889,67620338,225721,39941
2020-06-08,"United Kingdom",266756,38749,1255,226752,100,67886000,42328.9,10,2.5,3340.18796217188,67619244,226752,40004
2020-06-09,"United Kingdom",267915,38946,1257,227712,101,67886000,42328.9,10,2.5,3354.3293167958,67618085,227712,40203
2020-06-10,"United Kingdom",269101,39110,1269,228722,102,67886000,42328.9,10,2.5,3369.2072003064,67616899,228722,40379
2020-06-11,"United Kingdom",270108,39186,1278,229644,103,67886000,42328.9,10,2.5,3382.78879297646,67615892,229644,40464
2020-06-12,"United Kingdom",271162,39317,1282,230563,104,67886000,42328.9,10,2.5,3396.32619391333,67614838,230563,40599
2020-06-13,"United Kingdom",272050,39424,1283,231343,105,67886000,42328.9,10,2.5,3407.81604454527,67613950,231343,40707
2020-06-14,"United Kingdom",272857,39451,1283,232123,106,67886000,42328.9,10,2.5,3419.30589517721,67613143,232123,40734
2020-06-15,"United Kingdom",273888,39480,1284,233124,107,67886000,42328.9,10,2.5,3434.0512034882,67612112,233124,40764
2020-06-16,"United Kingdom",274971,39600,1293,234078,108,67886000,42328.9,10,2.5,3448.10417464573,67611029,234078,40893
2020-06-17,"United Kingdom",275970,39710,1304,234956,109,67886000,42328.9,10,2.5,3461.03762189553,67610030,234956,41014
2020-06-18,"United Kingdom",276990,39777,1313,235900,110,67886000,42328.9,10,2.5,3474.94328727573,67609010,235900,41090
2020-06-19,"United Kingdom",277974,39861,1319,236794,111,67886000,42328.9,10,2.5,3488.11242376926,67608026,236794,41180
2020-06-20,"United Kingdom",278640,39932,1319,237389,112,67886000,42328.9,10,2.5,3496.87711752055,67607360,237389,41251
2020-06-21,"United Kingdom",279264,39963,1319,237982,113,67886000,42328.9,10,2.5,3505.61235011637,67606736,237982,41282
2020-06-22,"United Kingdom",280156,39976,1322,238858,114,67886000,42328.9,10,2.5,3518.51633621071,67605844,238858,41298
2020-06-23,"United Kingdom",281038,40070,1330,239638,115,67886000,42328.9,10,2.5,3530.00618684265,67604962,239638,41400
2020-06-24,"United Kingdom",281815,40157,1345,240313,116,67886000,42328.9,10,2.5,3539.9493268126,67604185,240313,41502
2020-06-25,"United Kingdom",282512,40256,1361,240895,117,67886000,42328.9,10,2.5,3548.52252305335,67603488,240895,41617
2020-06-26,"United Kingdom",283151,40333,1363,241455,118,67886000,42328.9,10,2.5,3556.77164658398,67602849,241455,41696
2020-06-27,"United Kingdom",283785,40373,1364,242048,119,67886000,42328.9,10,2.5,3565.5068791798,67602215,242048,41737
2020-06-28,"United Kingdom",284192,40404,1364,242424,120,67886000,42328.9,10,2.5,3571.04557640751,67601808,242424,41768
2020-06-29,"United Kingdom",284812,40425,1368,243019,121,67886000,42328.9,10,2.5,3579.8102701588,67601188,243019,41793
2020-06-30,"United Kingdom",285216,40479,1370,243367,122,67886000,42328.9,10,2.5,3584.93651120997,67600784,243367,41849
2020-07-01,"United Kingdom",285279,40576,1372,243331,123,67886000,42328.9,10,2.5,3584.40621041157,67600721,243331,41948
2020-07-02,"United Kingdom",285285,40617,1373,243295,124,67886000,42328.9,10,2.5,3583.87590961318,67600715,243295,41990
2020-07-03,"United Kingdom",285787,40666,1375,243746,125,67886000,42328.9,10,2.5,3590.51940017088,67600213,243746,42041
2020-07-04,"United Kingdom",286412,40698,1375,244339,126,67886000,42328.9,10,2.5,3599.2546327667,67599588,244339,42073
2020-07-05,"United Kingdom",286931,40717,1375,244839,127,67886000,42328.9,10,2.5,3606.61992163333,67599069,244839,42092
2020-07-06,"United Kingdom",287290,40728,1375,245187,128,67886000,42328.9,10,2.5,3611.7461626845,67598710,245187,42103
2020-07-07,"United Kingdom",287874,40782,1375,245717,129,67886000,42328.9,10,2.5,3619.55336888313,67598126,245717,42157
2020-07-08,"United Kingdom",288511,40839,1378,246294,130,67886000,42328.9,10,2.5,3628.05291223522,67597489,246294,42217
2020-07-09,"United Kingdom",289154,40870,1378,246906,131,67886000,42328.9,10,2.5,3637.06802580797,67596846,246906,42248
2020-07-10,"United Kingdom",289678,40904,1378,247396,132,67886000,42328.9,10,2.5,3644.28600889727,67596322,247396,42282
2020-07-11,"United Kingdom",290504,40921,1378,248205,133,67886000,42328.9,10,2.5,3656.20304628348,67595496,248205,42299
2020-07-12,"United Kingdom",291154,40930,1378,248846,134,67886000,42328.9,10,2.5,3665.64534661049,67594846,248846,42308
2020-07-13,"United Kingdom",291691,40940,1384,249367,135,67886000,42328.9,10,2.5,3673.31997760952,67594309,249367,42324
2020-07-14,"United Kingdom",292931,40984,1385,250562,136,67886000,42328.9,10,2.5,3690.92301800077,67593069,250562,42369
2020-07-15,"United Kingdom",293469,41010,1386,251073,137,67886000,42328.9,10,2.5,3698.45034322246,67592531,251073,42396
2020-07-16,"United Kingdom",294116,41034,1403,251679,138,67886000,42328.9,10,2.5,3707.37707332882,67591884,251679,42437
2020-07-17,"United Kingdom",294803,41060,1403,252340,139,67886000,42328.9,10,2.5,3717.1139852105,67591197,252340,42463
2020-07-18,"United Kingdom",295632,41069,1413,253150,140,67886000,42328.9,10,2.5,3729.04575317444,67590368,253150,42482
2020-07-19,"United Kingdom",296358,41080,1413,253865,141,67886000,42328.9,10,2.5,3739.57811625372,67589642,253865,42493
2020-07-20,"United Kingdom",296944,41090,1413,254441,142,67886000,42328.9,10,2.5,3748.06292902808,67589056,254441,42503
2020-07-21,"United Kingdom",297389,41115,1414,254860,143,67886000,42328.9,10,2.5,3754.23504109831,67588611,254860,42529
2020-07-22,"United Kingdom",297952,41132,1416,255404,144,67886000,42328.9,10,2.5,3762.2484753852,67588048,255404,42548
2020-07-23,"United Kingdom",298731,41141,1425,256165,145,67886000,42328.9,10,2.5,3773.45844504021,67587269,256165,42566
2020-07-24,"United Kingdom",299500,41173,1425,256902,146,67886000,42328.9,10,2.5,3784.31488082963,67586500,256902,42598
2020-07-25,"United Kingdom",300270,41188,1427,257655,147,67886000,42328.9,10,2.5,3795.40700586277,67585730,257655,42615
2020-07-26,"United Kingdom",301020,41196,1434,258390,148,67886000,42328.9,10,2.5,3806.23398049672,67584980,258390,42630
2020-07-27,"United Kingdom",301708,41199,1437,259072,149,67886000,42328.9,10,2.5,3816.2802345108,67584292,259072,42636
2020-07-28,"United Kingdom",302261,41220,1438,259603,150,67886000,42328.9,10,2.5,3824.10217128716,67583739,259603,42658
2020-07-29,"United Kingdom",303063,41254,1438,260371,151,67886000,42328.9,10,2.5,3835.4152549863,67582937,260371,42692
2020-07-30,"United Kingdom",303910,41254,1438,261218,152,67886000,42328.9,10,2.5,3847.89205432637,67582090,261218,42692
2020-07-31,"United Kingdom",304793,41274,1439,262080,153,67886000,42328.9,10,2.5,3860.58981233244,67581207,262080,42713
2020-08-01,"United Kingdom",305562,41287,1441,262834,154,67886000,42328.9,10,2.5,3871.69666794332,67580438,262834,42728
2020-08-02,"United Kingdom",306309,41292,1444,263573,155,67886000,42328.9,10,2.5,3882.5825648882,67579691,263573,42736
2020-08-03,"United Kingdom",307251,41293,1445,264513,156,67886000,42328.9,10,2.5,3896.42930795746,67578749,264513,42738
2020-08-04,"United Kingdom",307926,41311,1445,265170,157,67886000,42328.9,10,2.5,3906.10729752821,67578074,265170,42756
2020-08-05,"United Kingdom",308832,41325,1446,266061,158,67886000,42328.9,10,2.5,3919.23224228854,67577168,266061,42771
2020-08-06,"United Kingdom",309796,41343,1447,267006,159,67886000,42328.9,10,2.5,3933.15263824647,67576204,267006,42790
2020-08-07,"United Kingdom",310696,41355,1447,267894,160,67886000,42328.9,10,2.5,3946.23339127361,67575304,267894,42802
2020-08-08,"United Kingdom",311461,41358,1449,268654,161,67886000,42328.9,10,2.5,3957.42863035088,67574539,268654,42807
2020-08-09,"United Kingdom",312574,41363,1451,269760,162,67886000,42328.9,10,2.5,3973.72064932387,67573426,269760,42814
2020-08-10,"United Kingdom",313392,41381,1463,270548,163,67886000,42328.9,10,2.5,3985.32834457767,67572608,270548,42844
2020-08-11,"United Kingdom",314542,41394,1464,271684,164,67886000,42328.9,10,2.5,4002.06228088266,67571458,271684,42858
2020-08-12,"United Kingdom",315581,41414,1472,272695,165,67886000,42328.9,10,2.5,4016.95489497098,67570419,272695,42886
2020-08-13,"United Kingdom",316729,41432,1479,273818,166,67886000,42328.9,10,2.5,4033.49733376543,67569271,273818,42911
2020-08-14,"United Kingdom",318190,41443,1481,275266,167,67886000,42328.9,10,2.5,4054.82721032319,67567810,275266,42924
2020-08-15,"United Kingdom",319232,41446,1486,276300,168,67886000,42328.9,10,2.5,4070.05862769938,67566768,276300,42932
2020-08-16,"United Kingdom",320343,41451,1486,277406,169,67886000,42328.9,10,2.5,4086.35064667236,67565657,277406,42937
2020-08-17,"United Kingdom",321064,41454,1490,278120,170,67886000,42328.9,10,2.5,4096.86827917391,67564936,278120,42944
2020-08-18,"United Kingdom",322177,41466,1493,279218,171,67886000,42328.9,10,2.5,4113.04245352503,67563823,279218,42959
2020-08-19,"United Kingdom",323008,41483,1495,280030,172,67886000,42328.9,10,2.5,4125.00368264443,67562992,280030,42978
2020-08-20,"United Kingdom",324203,41489,1544,281170,173,67886000,42328.9,10,2.5,4141.79654126035,67561797,281170,43033
2020-08-21,"United Kingdom",325263,41491,1544,282228,174,67886000,42328.9,10,2.5,4157.38149250214,67560737,282228,43035
2020-08-22,"United Kingdom",326595,41509,1547,283539,175,67886000,42328.9,10,2.5,4176.69327991044,67559405,283539,43056
2020-08-23,"United Kingdom",327643,41515,1547,284581,176,67886000,42328.9,10,2.5,4192.04254190849,67558357,284581,43062
2020-08-24,"United Kingdom",328620,41519,1550,285551,177,67886000,42328.9,10,2.5,4206.33120230976,67557380,285551,43069
2020-08-25,"United Kingdom",329821,41535,1551,286735,178,67886000,42328.9,10,2.5,4223.77220634593,67556179,286735,43086
2020-08-26,"United Kingdom",330967,41552,1551,287864,179,67886000,42328.9,10,2.5,4240.40302860678,67555033,287864,43103
2020-08-27,"United Kingdom",332509,41564,1564,289381,180,67886000,42328.9,10,2.5,4262.74931502814,67553491,289381,43128
2020-08-28,"United Kingdom",333806,41573,1615,290618,181,67886000,42328.9,10,2.5,4280.97103968418,67552194,290618,43188
2020-08-29,"United Kingdom",334916,41585,1622,291709,182,67886000,42328.9,10,2.5,4297.04209999116,67551084,291709,43207
2020-08-30,"United Kingdom",336668,41586,1624,293458,183,67886000,42328.9,10,2.5,4322.80588044663,67549332,293458,43210
2020-08-31,"United Kingdom",338083,41589,1682,294812,184,67886000,42328.9,10,2.5,4342.75108269746,67547917,294812,43271
